trilha_id;trilha;modulo;curso_id;curso;duracao_curso;ordem;aula_id;aula;qtd_videos;vimeo_ids;vimeo_urls;player_urls;quiz_questoes;pdf;tamanho_texto;url_aula
1;Jornada de Compras;Compras básico;1;Compras básico;12:18:02;1;1;Introdução;1;374487957;https://vimeo.com/374487957;https://player.vimeo.com/video/374487957;;;2823;https://ead.sankhya.com.br/html/conteudo.php?act=cnt&niv=1&cat=1&cid=1&aid=1
1;Jornada de Compras;Compras básico;1;Compras básico;12:18:02;3;2;Como registrar um orçamento de compras;1;1052445836;https://vimeo.com/1052445836;https://player.vimeo.com/video/1052445836;4;;7189;https://ead.sankhya.com.br/html/conteudo.php?act=cnt&niv=1&cat=1&cid=1&aid=2
1;Jornada de Compras;Compras básico;1;Compras básico;12:18:02;4;19;Como registrar um pedido de compras utilizando o orçamento;1;1066954535;https://vimeo.com/1066954535;https://player.vimeo.com/video/1066954535;4;;6433;https://ead.sankhya.com.br/html/conteudo.php?act=cnt&niv=1&cat=1&cid=1&aid=19
1;Jornada de Compras;Compras básico;1;Compras básico;12:18:02;5;40;Como liberar pedido de compra com Evento 44;1;1052280502;https://vimeo.com/1052280502;https://player.vimeo.com/video/1052280502;4;;4084;https://ead.sankhya.com.br/html/conteudo.php?act=cnt&niv=1&cat=1&cid=1&aid=40
1;Jornada de Compras;Compras básico;1;Compras básico;12:18:02;6;44;Como liberar pedido de compra na confirmação da nota (Evento 18);1;1052376852;https://vimeo.com/1052376852;https://player.vimeo.com/video/1052376852;4;;5019;https://ead.sankhya.com.br/html/conteudo.php?act=cnt&niv=1&cat=1&cid=1&aid=44
1;Jornada de Compras;Compras básico;1;Compras básico;12:18:02;7;46;Como registrar um pedido de compra;1;1052280548;https://vimeo.com/1052280548;https://player.vimeo.com/video/1052280548;4;;5645;https://ead.sankhya.com.br/html/conteudo.php?act=cnt&niv=1&cat=1&cid=1&aid=46
1;Jornada de Compras;Compras básico;1;Compras básico;12:18:02;8;49;Como controlar os pedidos de compra pendentes;1;1052269227;https://vimeo.com/1052269227;https://player.vimeo.com/video/1052269227;4;;4456;https://ead.sankhya.com.br/html/conteudo.php?act=cnt&niv=1&cat=1&cid=1&aid=49
1;Jornada de Compras;Compras básico;1;Compras básico;12:18:02;9;51;Como realizar o faturamento do pedido de compra;1;1052269343;https://vimeo.com/1052269343;https://player.vimeo.com/video/1052269343;4;;4375;https://ead.sankhya.com.br/html/conteudo.php?act=cnt&niv=1&cat=1&cid=1&aid=51
1;Jornada de Compras;Compras básico;1;Compras básico;12:18:02;10;5935;Como realizar a conferência de produtos na entrada de compras;1;1061269398;https://vimeo.com/1061269398;https://player.vimeo.com/video/1061269398;4;;5374;https://ead.sankhya.com.br/html/conteudo.php?act=cnt&niv=1&cat=1&cid=1&aid=5935
1;Jornada de Compras;Compras básico;1;Compras básico;12:18:02;11;79;Como validar a integração da compra com o financeiro;1;1056400075;https://vimeo.com/1056400075;https://player.vimeo.com/video/1056400075;4;;4425;https://ead.sankhya.com.br/html/conteudo.php?act=cnt&niv=1&cat=1&cid=1&aid=79
1;Jornada de Compras;Compras básico;1;Compras básico;12:18:02;12;84;Como validar a integração do processo de compras com estoque;1;1061278460;https://vimeo.com/1061278460;https://player.vimeo.com/video/1061278460;4;;4875;https://ead.sankhya.com.br/html/conteudo.php?act=cnt&niv=1&cat=1&cid=1&aid=84
1;Jornada de Compras;Compras básico;1;Compras básico;12:18:02;13;86;Como validar impostos calculados na nota fiscal;1;1066954585;https://vimeo.com/1066954585;https://player.vimeo.com/video/1066954585;;;2410;https://ead.sankhya.com.br/html/conteudo.php?act=cnt&niv=1&cat=1&cid=1&aid=86
1;Jornada de Compras;Compras básico;1;Compras básico;12:18:02;14;53;Como lançar uma nota fiscal sem pedido de compra;1;1052269383;https://vimeo.com/1052269383;https://player.vimeo.com/video/1052269383;4;;4888;https://ead.sankhya.com.br/html/conteudo.php?act=cnt&niv=1&cat=1&cid=1&aid=53
1;Jornada de Compras;Compras básico;1;Compras básico;12:18:02;15;57;Como identificar a necessidade de compras pelo estoque mínimo e máximo;1;1052296315;https://vimeo.com/1052296315;https://player.vimeo.com/video/1052296315;4;;6340;https://ead.sankhya.com.br/html/conteudo.php?act=cnt&niv=1&cat=1&cid=1&aid=57
1;Jornada de Compras;Compras básico;1;Compras básico;12:18:02;16;58;Como gerar pedido de compra a partir da sugestão de compra;1;1052296255;https://vimeo.com/1052296255;https://player.vimeo.com/video/1052296255;4;;4590;https://ead.sankhya.com.br/html/conteudo.php?act=cnt&niv=1&cat=1&cid=1&aid=58
1;Jornada de Compras;Compras básico;1;Compras básico;12:18:02;17;61;Como enviar pedido de compras por e-mail;1;1052269278;https://vimeo.com/1052269278;https://player.vimeo.com/video/1052269278;4;;3811;https://ead.sankhya.com.br/html/conteudo.php?act=cnt&niv=1&cat=1&cid=1&aid=61
1;Jornada de Compras;Compras básico;1;Compras básico;12:18:02;18;64;Como emitir relatório de necessidade de compras por estoque mínimo e máximo;1;1061285357;https://vimeo.com/1061285357;https://player.vimeo.com/video/1061285357;;;1836;https://ead.sankhya.com.br/html/conteudo.php?act=cnt&niv=1&cat=1&cid=1&aid=64
1;Jornada de Compras;Compras básico;1;Compras básico;12:18:02;19;72;Como registrar unidades diferentes de produtos no processo de vendas;1;1051993947;https://vimeo.com/1051993947;https://player.vimeo.com/video/1051993947;4;;7051;https://ead.sankhya.com.br/html/conteudo.php?act=cnt&niv=1&cat=1&cid=1&aid=72
1;Jornada de Compras;Compras básico;1;Compras básico;12:18:02;20;87;Como gerar compras com base nas requisições internas;1;1052445237;https://vimeo.com/1052445237;https://player.vimeo.com/video/1052445237;4;;5340;https://ead.sankhya.com.br/html/conteudo.php?act=cnt&niv=1&cat=1&cid=1&aid=87
1;Jornada de Compras;Compras básico;1;Compras básico;12:18:02;21;90;Como emitir relatório de compra em função de requisições;1;1052296603;https://vimeo.com/1052296603;https://player.vimeo.com/video/1052296603;;;2331;https://ead.sankhya.com.br/html/conteudo.php?act=cnt&niv=1&cat=1&cid=1&aid=90
1;Jornada de Compras;Compras básico;1;Compras básico;12:18:02;22;91;Como identificar a necessidade de compra para uso e consumo;1;1061285397;https://vimeo.com/1061285397;https://player.vimeo.com/video/1061285397;4;;5663;https://ead.sankhya.com.br/html/conteudo.php?act=cnt&niv=1&cat=1&cid=1&aid=91
1;Jornada de Compras;Compras básico;1;Compras básico;12:18:02;23;94;Como gerar um orçamento de compras na análise de giro;1;1056390689;https://vimeo.com/1056390689;https://player.vimeo.com/video/1056390689;4;;4453;https://ead.sankhya.com.br/html/conteudo.php?act=cnt&niv=1&cat=1&cid=1&aid=94
1;Jornada de Compras;Compras básico;1;Compras básico;12:18:02;24;104;Como registrar o pedido de compra de uso e consumo a partir do orçamento;1;1060469604;https://vimeo.com/1060469604;https://player.vimeo.com/video/1060469604;4;;4463;https://ead.sankhya.com.br/html/conteudo.php?act=cnt&niv=1&cat=1&cid=1&aid=104
1;Jornada de Compras;Compras básico;1;Compras básico;12:18:02;25;106;Como faturar um pedido de compra de uso e consumo;1;1056390618;https://vimeo.com/1056390618;https://player.vimeo.com/video/1056390618;4;;4012;https://ead.sankhya.com.br/html/conteudo.php?act=cnt&niv=1&cat=1&cid=1&aid=106
1;Jornada de Compras;Compras básico;1;Compras básico;12:18:02;26;111;Como identificar a necessidade de compra com base em pedidos de venda (Encomenda);1;1052445140;https://vimeo.com/1052445140;https://player.vimeo.com/video/1052445140;4;;5975;https://ead.sankhya.com.br/html/conteudo.php?act=cnt&niv=1&cat=1&cid=1&aid=111
1;Jornada de Compras;Compras básico;1;Compras básico;12:18:02;27;115;Como emitir relatório para identificar a necessidade de compras de acordo com os pedidos de vendas;1;1060469646;https://vimeo.com/1060469646;https://player.vimeo.com/video/1060469646;;;2831;https://ead.sankhya.com.br/html/conteudo.php?act=cnt&niv=1&cat=1&cid=1&aid=115
1;Jornada de Compras;Compras básico;1;Compras básico;12:18:02;28;116;Como analisar a necessidade de compras em função do giro dos produtos;1;1052280354;https://vimeo.com/1052280354;https://player.vimeo.com/video/1052280354;4;;5778;https://ead.sankhya.com.br/html/conteudo.php?act=cnt&niv=1&cat=1&cid=1&aid=116
1;Jornada de Compras;Compras básico;1;Compras básico;12:18:02;29;117;Como atualizar o estoque mínimo com base no giro;1;1052445350;https://vimeo.com/1052445350;https://player.vimeo.com/video/1052445350;4;;5005;https://ead.sankhya.com.br/html/conteudo.php?act=cnt&niv=1&cat=1&cid=1&aid=117
1;Jornada de Compras;Compras básico;1;Compras básico;12:18:02;30;118;Como registrar o pedido de compras utilizando a sugestão de compra giro;1;1052445728;https://vimeo.com/1052445728;https://player.vimeo.com/video/1052445728;4;;5666;https://ead.sankhya.com.br/html/conteudo.php?act=cnt&niv=1&cat=1&cid=1&aid=118
1;Jornada de Compras;Compras básico;1;Compras básico;12:18:02;31;120;Como realizar a importação de XML e vincular aos pedidos registrados;1;1052445629;https://vimeo.com/1052445629;https://player.vimeo.com/video/1052445629;4;;4762;https://ead.sankhya.com.br/html/conteudo.php?act=cnt&niv=1&cat=1&cid=1&aid=120
1;Jornada de Compras;Compras básico;1;Compras básico;12:18:02;32;124;Como realizar a liberação de valor divergente entre pedido e nota;1;1052444974;https://vimeo.com/1052444974;https://player.vimeo.com/video/1052444974;4;;4841;https://ead.sankhya.com.br/html/conteudo.php?act=cnt&niv=1&cat=1&cid=1&aid=124
1;Jornada de Compras;Compras básico;1;Compras básico;12:18:02;33;131;Como realizar a importação de XML sem vincular a nota a pedidos;1;1052446008;https://vimeo.com/1052446008;https://player.vimeo.com/video/1052446008;4;;3648;https://ead.sankhya.com.br/html/conteudo.php?act=cnt&niv=1&cat=1&cid=1&aid=131
1;Jornada de Compras;Compras básico;1;Compras básico;12:18:02;34;133;Como registrar compra de frete - ct-e;1;1052446619;https://vimeo.com/1052446619;https://player.vimeo.com/video/1052446619;4;;5455;https://ead.sankhya.com.br/html/conteudo.php?act=cnt&niv=1&cat=1&cid=1&aid=133
1;Jornada de Compras;Compras básico;1;Compras básico;12:18:02;35;136;Como emitir relatório de Entradas/Notas de Compras;1;1061250304;https://vimeo.com/1061250304;https://player.vimeo.com/video/1061250304;4;;3850;https://ead.sankhya.com.br/html/conteudo.php?act=cnt&niv=1&cat=1&cid=1&aid=136
1;Jornada de Compras;Compras básico;1;Compras básico;12:18:02;36;139;Como lançar um pedido de compra de serviços;1;1061269328;https://vimeo.com/1061269328;https://player.vimeo.com/video/1061269328;4;;4553;https://ead.sankhya.com.br/html/conteudo.php?act=cnt&niv=1&cat=1&cid=1&aid=139
1;Jornada de Compras;Compras básico;1;Compras básico;12:18:02;37;142;Como faturar um pedido de compra de serviços;1;1061224572;https://vimeo.com/1061224572;https://player.vimeo.com/video/1061224572;4;;4530;https://ead.sankhya.com.br/html/conteudo.php?act=cnt&niv=1&cat=1&cid=1&aid=142
1;Jornada de Compras;Compras básico;1;Compras básico;12:18:02;38;143;Como inserir uma nota de remessa para demonstração;1;1061224617;https://vimeo.com/1061224617;https://player.vimeo.com/video/1061224617;4;;4422;https://ead.sankhya.com.br/html/conteudo.php?act=cnt&niv=1&cat=1&cid=1&aid=143
1;Jornada de Compras;Compras básico;1;Compras básico;12:18:02;39;147;Como incluir a devolução de uma remessa demonstração;1;1061224666;https://vimeo.com/1061224666;https://player.vimeo.com/video/1061224666;4;;2977;https://ead.sankhya.com.br/html/conteudo.php?act=cnt&niv=1&cat=1&cid=1&aid=147
1;Jornada de Compras;Compras básico;1;Compras básico;12:18:02;40;148;Como registrar a compra de produtos bonificados;1;1066968410;https://vimeo.com/1066968410;https://player.vimeo.com/video/1066968410;4;;5898;https://ead.sankhya.com.br/html/conteudo.php?act=cnt&niv=1&cat=1&cid=1&aid=148
1;Jornada de Compras;Compras básico;1;Compras básico;12:18:02;41;152;Como realizar uma devolução parcial da nota;1;1051994158;https://vimeo.com/1051994158;https://player.vimeo.com/video/1051994158;4;;3623;https://ead.sankhya.com.br/html/conteudo.php?act=cnt&niv=1&cat=1&cid=1&aid=152
1;Jornada de Compras;Compras básico;1;Compras básico;12:18:02;42;156;Como realizar uma devolução total da nota;1;1051994124;https://vimeo.com/1051994124;https://player.vimeo.com/video/1051994124;4;;4100;https://ead.sankhya.com.br/html/conteudo.php?act=cnt&niv=1&cat=1&cid=1&aid=156
1;Jornada de Compras;Compras básico;1;Compras básico;12:18:02;43;158;Como validar as atualizações geradas devolução de compra;1;1066968558;https://vimeo.com/1066968558;https://player.vimeo.com/video/1066968558;;;4336;https://ead.sankhya.com.br/html/conteudo.php?act=cnt&niv=1&cat=1&cid=1&aid=158
1;Jornada de Compras;Compras básico;1;Compras básico;12:18:02;44;160;Como realizar a compensação de uma devolução de compra parcial;1;1061250198;https://vimeo.com/1061250198;https://player.vimeo.com/video/1061250198;4;;4546;https://ead.sankhya.com.br/html/conteudo.php?act=cnt&niv=1&cat=1&cid=1&aid=160
1;Jornada de Compras;Compras básico;1;Compras básico;12:18:02;45;161;Como compensar uma devolução;1;1052269315;https://vimeo.com/1052269315;https://player.vimeo.com/video/1052269315;4;;3350;https://ead.sankhya.com.br/html/conteudo.php?act=cnt&niv=1&cat=1&cid=1&aid=161
1;Jornada de Compras;Compras básico;1;Compras básico;12:18:02;46;170;Como compensar devolução de crédito com fornecedor;1;1052444861;https://vimeo.com/1052444861;https://player.vimeo.com/video/1052444861;4;;6319;https://ead.sankhya.com.br/html/conteudo.php?act=cnt&niv=1&cat=1&cid=1&aid=170
1;Jornada de Compras;Compras básico;1;Compras básico;12:18:02;47;171;Como identificar a origem da nota de devolução de compra;1;1056400035;https://vimeo.com/1056400035;https://player.vimeo.com/video/1056400035;4;;3428;https://ead.sankhya.com.br/html/conteudo.php?act=cnt&niv=1&cat=1&cid=1&aid=171
2;Jornada de Precificação;Precificação Básico;2;Precificação Básico;05:07:46;1;126;Introdução;1;396704481;https://vimeo.com/396704481;https://player.vimeo.com/video/396704481;;;2085;https://ead.sankhya.com.br/html/conteudo.php?act=cnt&niv=1&cat=2&cid=2&aid=126
2;Jornada de Precificação;Precificação Básico;2;Precificação Básico;05:07:46;2;129;Como utilizar fórmulas de custo específicas para determinados produtos;1;1052353199;https://vimeo.com/1052353199;https://player.vimeo.com/video/1052353199;4;;3968;https://ead.sankhya.com.br/html/conteudo.php?act=cnt&niv=1&cat=2&cid=2&aid=129
2;Jornada de Precificação;Precificação Básico;2;Precificação Básico;05:07:46;3;132;Como utilizar a fórmula de custo geral para a empresa;1;1052353252;https://vimeo.com/1052353252;https://player.vimeo.com/video/1052353252;4;;4120;https://ead.sankhya.com.br/html/conteudo.php?act=cnt&niv=1&cat=2&cid=2&aid=132
2;Jornada de Precificação;Precificação Básico;2;Precificação Básico;05:07:46;4;135;Como atualizar o custo dos produtos manualmente;1;1052444131;https://vimeo.com/1052444131;https://player.vimeo.com/video/1052444131;4;;3408;https://ead.sankhya.com.br/html/conteudo.php?act=cnt&niv=1&cat=2&cid=2&aid=135
2;Jornada de Precificação;Precificação Básico;2;Precificação Básico;05:07:46;5;141;Como apurar o custo por controle dos produtos;1;1052446297;https://vimeo.com/1052446297;https://player.vimeo.com/video/1052446297;4;;3854;https://ead.sankhya.com.br/html/conteudo.php?act=cnt&niv=1&cat=2&cid=2&aid=141
2;Jornada de Precificação;Precificação Básico;2;Precificação Básico;05:07:46;6;149;Como controlar custos por local de estoque;1;1052446217;https://vimeo.com/1052446217;https://player.vimeo.com/video/1052446217;4;;3762;https://ead.sankhya.com.br/html/conteudo.php?act=cnt&niv=1&cat=2&cid=2&aid=149
2;Jornada de Precificação;Precificação Básico;2;Precificação Básico;05:07:46;7;155;Como controlar custo por empresa/estabelecimento;1;1052421299;https://vimeo.com/1052421299;https://player.vimeo.com/video/1052421299;4;;3497;https://ead.sankhya.com.br/html/conteudo.php?act=cnt&niv=1&cat=2&cid=2&aid=155
2;Jornada de Precificação;Precificação Básico;2;Precificação Básico;05:07:46;8;159;Como apurar o custo de reposição dos produtos;1;1052421192;https://vimeo.com/1052421192;https://player.vimeo.com/video/1052421192;4;;3298;https://ead.sankhya.com.br/html/conteudo.php?act=cnt&niv=1&cat=2&cid=2&aid=159
2;Jornada de Precificação;Precificação Básico;2;Precificação Básico;05:07:46;9;168;Como apurar o custo contábil dos produtos;1;1052421231;https://vimeo.com/1052421231;https://player.vimeo.com/video/1052421231;4;;2974;https://ead.sankhya.com.br/html/conteudo.php?act=cnt&niv=1&cat=2&cid=2&aid=168
2;Jornada de Precificação;Precificação Básico;2;Precificação Básico;05:07:46;10;172;Como apurar o custo gerencial dos produtos;1;1052446493;https://vimeo.com/1052446493;https://player.vimeo.com/video/1052446493;4;;3021;https://ead.sankhya.com.br/html/conteudo.php?act=cnt&niv=1&cat=2&cid=2&aid=172
2;Jornada de Precificação;Precificação Básico;2;Precificação Básico;05:07:46;11;174;Como realizar o recálculo de custos;1;1052318751;https://vimeo.com/1052318751;https://player.vimeo.com/video/1052318751;4;;3004;https://ead.sankhya.com.br/html/conteudo.php?act=cnt&niv=1&cat=2&cid=2&aid=174
2;Jornada de Precificação;Precificação Básico;2;Precificação Básico;05:07:46;12;177;Como realizar o agendamento do recálculo de custos;1;1052446107;https://vimeo.com/1052446107;https://player.vimeo.com/video/1052446107;4;;4078;https://ead.sankhya.com.br/html/conteudo.php?act=cnt&niv=1&cat=2&cid=2&aid=177
2;Jornada de Precificação;Precificação Básico;2;Precificação Básico;05:07:46;13;179;Como emitir o Kardex;1;1052421262;https://vimeo.com/1052421262;https://player.vimeo.com/video/1052421262;4;;3919;https://ead.sankhya.com.br/html/conteudo.php?act=cnt&niv=1&cat=2&cid=2&aid=179
2;Jornada de Precificação;Precificação Básico;2;Precificação Básico;05:07:46;14;184;Como definir tabelas de preço por perfil do parceiro;1;1052318696;https://vimeo.com/1052318696;https://player.vimeo.com/video/1052318696;4;;4954;https://ead.sankhya.com.br/html/conteudo.php?act=cnt&niv=1&cat=2&cid=2&aid=184
2;Jornada de Precificação;Precificação Básico;2;Precificação Básico;05:07:46;15;185;Como definir a tabela de preço única;1;1052318807;https://vimeo.com/1052318807;https://player.vimeo.com/video/1052318807;4;;2971;https://ead.sankhya.com.br/html/conteudo.php?act=cnt&niv=1&cat=2&cid=2&aid=185
2;Jornada de Precificação;Precificação Básico;2;Precificação Básico;05:07:46;16;187;Como definir tabelas de preço por empresa;1;1052318778;https://vimeo.com/1052318778;https://player.vimeo.com/video/1052318778;4;;3660;https://ead.sankhya.com.br/html/conteudo.php?act=cnt&niv=1&cat=2&cid=2&aid=187
2;Jornada de Precificação;Precificação Básico;2;Precificação Básico;05:07:46;17;188;Como definir tabela de preço por região do vendedor;1;1052296455;https://vimeo.com/1052296455;https://player.vimeo.com/video/1052296455;4;;4114;https://ead.sankhya.com.br/html/conteudo.php?act=cnt&niv=1&cat=2&cid=2&aid=188
2;Jornada de Precificação;Precificação Básico;2;Precificação Básico;05:07:46;18;192;Como definir tabelas de preço por região do parceiro;1;1052296545;https://vimeo.com/1052296545;https://player.vimeo.com/video/1052296545;4;;3879;https://ead.sankhya.com.br/html/conteudo.php?act=cnt&niv=1&cat=2&cid=2&aid=192
2;Jornada de Precificação;Precificação Básico;2;Precificação Básico;05:07:46;19;195;Como definir tabelas de preço por parceiro;1;1052318835;https://vimeo.com/1052318835;https://player.vimeo.com/video/1052318835;4;;4489;https://ead.sankhya.com.br/html/conteudo.php?act=cnt&niv=1&cat=2&cid=2&aid=195
2;Jornada de Precificação;Precificação Básico;2;Precificação Básico;05:07:46;20;198;Como definir tabelas de preço por tipo de negociação;1;1052311695;https://vimeo.com/1052311695;https://player.vimeo.com/video/1052311695;4;;4839;https://ead.sankhya.com.br/html/conteudo.php?act=cnt&niv=1&cat=2&cid=2&aid=198
2;Jornada de Precificação;Precificação Básico;2;Precificação Básico;05:07:46;21;200;Como definir tabelas de preço por local;1;1052311651;https://vimeo.com/1052311651;https://player.vimeo.com/video/1052311651;4;;4324;https://ead.sankhya.com.br/html/conteudo.php?act=cnt&niv=1&cat=2&cid=2&aid=200
2;Jornada de Precificação;Precificação Básico;2;Precificação Básico;05:07:46;22;202;Como definir tabelas de preço por tipo de negociação e vendedor;1;1052311760;https://vimeo.com/1052311760;https://player.vimeo.com/video/1052311760;4;;5232;https://ead.sankhya.com.br/html/conteudo.php?act=cnt&niv=1&cat=2&cid=2&aid=202
2;Jornada de Precificação;Precificação Básico;2;Precificação Básico;05:07:46;23;203;Como definir a tabela de preço por Parceiro e Empresa;1;1052311726;https://vimeo.com/1052311726;https://player.vimeo.com/video/1052311726;4;;5125;https://ead.sankhya.com.br/html/conteudo.php?act=cnt&niv=1&cat=2&cid=2&aid=203
2;Jornada de Precificação;Precificação Básico;2;Precificação Básico;05:07:46;24;205;Como atualizar preços de venda manualmente e por índice;1;1056884694;https://vimeo.com/1056884694;https://player.vimeo.com/video/1056884694;4;;3442;https://ead.sankhya.com.br/html/conteudo.php?act=cnt&niv=1&cat=2&cid=2&aid=205
2;Jornada de Precificação;Precificação Básico;2;Precificação Básico;05:07:46;25;216;Como atualizar o preço de venda pela nota de compra;1;1066975919;https://vimeo.com/1066975919;https://player.vimeo.com/video/1066975919;;;2468;https://ead.sankhya.com.br/html/conteudo.php?act=cnt&niv=1&cat=2&cid=2&aid=216
2;Jornada de Precificação;Precificação Básico;2;Precificação Básico;05:07:46;26;218;Como atualizar o preço de venda pela tela de Recálculo do Preço;1;1066975980;https://vimeo.com/1066975980;https://player.vimeo.com/video/1066975980;;;2511;https://ead.sankhya.com.br/html/conteudo.php?act=cnt&niv=1&cat=2&cid=2&aid=218
2;Jornada de Precificação;Precificação Básico;2;Precificação Básico;05:07:46;27;221;Como analisar o preço de venda praticado pela tela Variação de Preço;1;1067035914;https://vimeo.com/1067035914;https://player.vimeo.com/video/1067035914;;;1813;https://ead.sankhya.com.br/html/conteudo.php?act=cnt&niv=1&cat=2&cid=2&aid=221
2;Jornada de Precificação;Precificação Básico;2;Precificação Básico;05:07:46;28;225;Como analisar o preço venda praticado pela tela Negociação e Simulação de Preço;1;1067035978;https://vimeo.com/1067035978;https://player.vimeo.com/video/1067035978;;;1747;https://ead.sankhya.com.br/html/conteudo.php?act=cnt&niv=1&cat=2&cid=2&aid=225
3;Jornada de Estocagem;Estocagem Básico;3;Estocagem Básico;05:10:05;1;4;Introdução;1;376392979;https://vimeo.com/376392979;https://player.vimeo.com/video/376392979;;;2836;https://ead.sankhya.com.br/html/conteudo.php?act=cnt&niv=1&cat=3&cid=3&aid=4
3;Jornada de Estocagem;Estocagem Básico;3;Estocagem Básico;05:10:05;3;9;Como validar as entradas de mercadorias no estoque;1;1052444649;https://vimeo.com/1052444649;https://player.vimeo.com/video/1052444649;4;;3348;https://ead.sankhya.com.br/html/conteudo.php?act=cnt&niv=1&cat=3&cid=3&aid=9
3;Jornada de Estocagem;Estocagem Básico;3;Estocagem Básico;05:10:05;4;7;Como é realizada a reserva de mercadorias no estoque;1;1052257604;https://vimeo.com/1052257604;https://player.vimeo.com/video/1052257604;4;;4288;https://ead.sankhya.com.br/html/conteudo.php?act=cnt&niv=1&cat=3&cid=3&aid=7
3;Jornada de Estocagem;Estocagem Básico;3;Estocagem Básico;05:10:05;5;11;Como validar as saídas de mercadorias do estoque;1;1052364070;https://vimeo.com/1052364070;https://player.vimeo.com/video/1052364070;4;;4022;https://ead.sankhya.com.br/html/conteudo.php?act=cnt&niv=1&cat=3&cid=3&aid=11
3;Jornada de Estocagem;Estocagem Básico;3;Estocagem Básico;05:10:05;6;31;Como controlar os produtos avariados;1;1052364110;https://vimeo.com/1052364110;https://player.vimeo.com/video/1052364110;4;;6173;https://ead.sankhya.com.br/html/conteudo.php?act=cnt&niv=1&cat=3&cid=3&aid=31
3;Jornada de Estocagem;Estocagem Básico;3;Estocagem Básico;05:10:05;7;15;Como registrar e controlar requisições internas;1;1052257644;https://vimeo.com/1052257644;https://player.vimeo.com/video/1052257644;4;;5431;https://ead.sankhya.com.br/html/conteudo.php?act=cnt&niv=1&cat=3&cid=3&aid=15
3;Jornada de Estocagem;Estocagem Básico;3;Estocagem Básico;05:10:05;8;16;Como proceder com a devolução de requisições internas;1;1055950379;https://vimeo.com/1055950379;https://player.vimeo.com/video/1055950379;4;;2803;https://ead.sankhya.com.br/html/conteudo.php?act=cnt&niv=1&cat=3&cid=3&aid=16
3;Jornada de Estocagem;Estocagem Básico;3;Estocagem Básico;05:10:05;9;25;Como controlar o estoque por validade e saída prioritária;1;1052257513;https://vimeo.com/1052257513;https://player.vimeo.com/video/1052257513;4;;6349;https://ead.sankhya.com.br/html/conteudo.php?act=cnt&niv=1&cat=3&cid=3&aid=25
3;Jornada de Estocagem;Estocagem Básico;3;Estocagem Básico;05:10:05;10;28;Como realizar o controle adicional de produtos;1;1052353159;https://vimeo.com/1052353159;https://player.vimeo.com/video/1052353159;4;;8239;https://ead.sankhya.com.br/html/conteudo.php?act=cnt&niv=1&cat=3&cid=3&aid=28
3;Jornada de Estocagem;Estocagem Básico;3;Estocagem Básico;05:10:05;11;14;Como realizar a transferência entre locais com emissão de nota (transferência entre empresas);1;1068117868;https://vimeo.com/1068117868;https://player.vimeo.com/video/1068117868;4;;4698;https://ead.sankhya.com.br/html/conteudo.php?act=cnt&niv=1&cat=3&cid=3&aid=14
3;Jornada de Estocagem;Estocagem Básico;3;Estocagem Básico;05:10:05;12;22;Como controlar produtos por local;1;1052006662;https://vimeo.com/1052006662;https://player.vimeo.com/video/1052006662;4;;4521;https://ead.sankhya.com.br/html/conteudo.php?act=cnt&niv=1&cat=3&cid=3&aid=22
3;Jornada de Estocagem;Estocagem Básico;3;Estocagem Básico;05:10:05;13;24;Como controlar estoque de produtos com grades;1;1052353122;https://vimeo.com/1052353122;https://player.vimeo.com/video/1052353122;4;;5540;https://ead.sankhya.com.br/html/conteudo.php?act=cnt&niv=1&cat=3&cid=3&aid=24
3;Jornada de Estocagem;Estocagem Básico;3;Estocagem Básico;05:10:05;14;33;Como controlar estoque de terceiros em consignação;1;1067866219;https://vimeo.com/1067866219;https://player.vimeo.com/video/1067866219;4;;6451;https://ead.sankhya.com.br/html/conteudo.php?act=cnt&niv=1&cat=3&cid=3&aid=33
3;Jornada de Estocagem;Estocagem Básico;3;Estocagem Básico;05:10:05;15;11038;Cópia de estoque;1;1052006598;https://vimeo.com/1052006598;https://player.vimeo.com/video/1052006598;4;;3566;https://ead.sankhya.com.br/html/conteudo.php?act=cnt&niv=1&cat=3&cid=3&aid=11038
3;Jornada de Estocagem;Estocagem Básico;3;Estocagem Básico;05:10:05;16;11039;Contagem de estoque;1;1052006632;https://vimeo.com/1052006632;https://player.vimeo.com/video/1052006632;4;;3879;https://ead.sankhya.com.br/html/conteudo.php?act=cnt&niv=1&cat=3&cid=3&aid=11039
3;Jornada de Estocagem;Estocagem Básico;3;Estocagem Básico;05:10:05;17;11040;Ajuste de estoque;1;1052006686;https://vimeo.com/1052006686;https://player.vimeo.com/video/1052006686;4;;5140;https://ead.sankhya.com.br/html/conteudo.php?act=cnt&niv=1&cat=3&cid=3&aid=11040
3;Jornada de Estocagem;Estocagem Básico;3;Estocagem Básico;05:10:05;18;11041;Cópia de estoque por série;1;1052364220;https://vimeo.com/1052364220;https://player.vimeo.com/video/1052364220;4;;2864;https://ead.sankhya.com.br/html/conteudo.php?act=cnt&niv=1&cat=3&cid=3&aid=11041
3;Jornada de Estocagem;Estocagem Básico;3;Estocagem Básico;05:10:05;19;11042;Contagem de produtos com série;1;1052364246;https://vimeo.com/1052364246;https://player.vimeo.com/video/1052364246;4;;2911;https://ead.sankhya.com.br/html/conteudo.php?act=cnt&niv=1&cat=3&cid=3&aid=11042
3;Jornada de Estocagem;Estocagem Básico;3;Estocagem Básico;05:10:05;20;11043;Ajuste de estoque por série;1;1052364171;https://vimeo.com/1052364171;https://player.vimeo.com/video/1052364171;4;;3499;https://ead.sankhya.com.br/html/conteudo.php?act=cnt&niv=1&cat=3&cid=3&aid=11043
3;Jornada de Estocagem;Estocagem Básico;3;Estocagem Básico;05:10:05;21;11044;Contagem via coletor;1;1051994196;https://vimeo.com/1051994196;https://player.vimeo.com/video/1051994196;4;;4000;https://ead.sankhya.com.br/html/conteudo.php?act=cnt&niv=1&cat=3&cid=3&aid=11044
3;Jornada de Estocagem;Estocagem Básico;3;Estocagem Básico;05:10:05;22;11045;Inventário e estoque no Kardex;2;1052376756|1052353072;https://vimeo.com/1052376756 | https://vimeo.com/1052353072;https://player.vimeo.com/video/1052376756 | https://player.vimeo.com/video/1052353072;4;;5016;https://ead.sankhya.com.br/html/conteudo.php?act=cnt&niv=1&cat=3&cid=3&aid=11045
4;Jornada de Vendas;Vendas Básico;4;Vendas Básico;10:29:40;1;5;Introdução;1;392768733;https://vimeo.com/392768733;https://player.vimeo.com/video/392768733;;;2684;https://ead.sankhya.com.br/html/conteudo.php?act=cnt&niv=1&cat=4&cid=4&aid=5
4;Jornada de Vendas;Vendas Básico;4;Vendas Básico;10:29:40;3;10;Como lançar um orçamento de vendas;1;1052403488;https://vimeo.com/1052403488;https://player.vimeo.com/video/1052403488;5;;5551;https://ead.sankhya.com.br/html/conteudo.php?act=cnt&niv=1&cat=4&cid=4&aid=10
4;Jornada de Vendas;Vendas Básico;4;Vendas Básico;10:29:40;4;12;Como imprimir orçamento de venda;1;1061385344;https://vimeo.com/1061385344;https://player.vimeo.com/video/1061385344;;;1572;https://ead.sankhya.com.br/html/conteudo.php?act=cnt&niv=1&cat=4&cid=4&aid=12
4;Jornada de Vendas;Vendas Básico;4;Vendas Básico;10:29:40;5;13;Como faturar um orçamento de venda;1;1057879831;https://vimeo.com/1057879831;https://player.vimeo.com/video/1057879831;4;;4141;https://ead.sankhya.com.br/html/conteudo.php?act=cnt&niv=1&cat=4&cid=4&aid=13
4;Jornada de Vendas;Vendas Básico;4;Vendas Básico;10:29:40;6;18;Como registrar o pedido de vendas manual;1;1085828585;https://vimeo.com/1085828585;https://player.vimeo.com/video/1085828585;4;;4975;https://ead.sankhya.com.br/html/conteudo.php?act=cnt&niv=1&cat=4&cid=4&aid=18
4;Jornada de Vendas;Vendas Básico;4;Vendas Básico;10:29:40;7;21;Como utilizar o módulo Pedido Web;1;1052408782;https://vimeo.com/1052408782;https://player.vimeo.com/video/1052408782;4;;6366;https://ead.sankhya.com.br/html/conteudo.php?act=cnt&niv=1&cat=4&cid=4&aid=21
4;Jornada de Vendas;Vendas Básico;4;Vendas Básico;10:29:40;8;23;Como validar estoque de produtos no pedido de venda;1;1056119687;https://vimeo.com/1056119687;https://player.vimeo.com/video/1056119687;;;7971;https://ead.sankhya.com.br/html/conteudo.php?act=cnt&niv=1&cat=4&cid=4&aid=23
4;Jornada de Vendas;Vendas Básico;4;Vendas Básico;10:29:40;9;29;Como controlar o fluxo de aprovação e liberar limite de crédito no pedido de venda;1;1052403370;https://vimeo.com/1052403370;https://player.vimeo.com/video/1052403370;4;;5437;https://ead.sankhya.com.br/html/conteudo.php?act=cnt&niv=1&cat=4&cid=4&aid=29
4;Jornada de Vendas;Vendas Básico;4;Vendas Básico;10:29:40;10;30;Como controlar o fluxo de aprovação e liberar desconto por item da nota;1;1055293731;https://vimeo.com/1055293731;https://player.vimeo.com/video/1055293731;4;;4566;https://ead.sankhya.com.br/html/conteudo.php?act=cnt&niv=1&cat=4&cid=4&aid=30
4;Jornada de Vendas;Vendas Básico;4;Vendas Básico;10:29:40;11;32;Como controlar o fluxo de aprovação e liberar limite de crédito mensal;1;1052403405;https://vimeo.com/1052403405;https://player.vimeo.com/video/1052403405;4;;5906;https://ead.sankhya.com.br/html/conteudo.php?act=cnt&niv=1&cat=4&cid=4&aid=32
4;Jornada de Vendas;Vendas Básico;4;Vendas Básico;10:29:40;12;34;Como controlar o fluxo de aprovação e liberar limite de crédito pela média de negociações;1;1055192357;https://vimeo.com/1055192357;https://player.vimeo.com/video/1055192357;4;;5642;https://ead.sankhya.com.br/html/conteudo.php?act=cnt&niv=1&cat=4&cid=4&aid=34
4;Jornada de Vendas;Vendas Básico;4;Vendas Básico;10:29:40;13;36;Como controlar o fluxo de aprovação e liberar venda em caso de atraso de pagamento;1;1052413776;https://vimeo.com/1052413776;https://player.vimeo.com/video/1052413776;4;;5117;https://ead.sankhya.com.br/html/conteudo.php?act=cnt&niv=1&cat=4&cid=4&aid=36
4;Jornada de Vendas;Vendas Básico;4;Vendas Básico;10:29:40;14;38;Como controlar o fluxo de aprovação e liberar desconto por tipo de negociação;1;1055192282;https://vimeo.com/1055192282;https://player.vimeo.com/video/1055192282;4;;4985;https://ead.sankhya.com.br/html/conteudo.php?act=cnt&niv=1&cat=4&cid=4&aid=38
4;Jornada de Vendas;Vendas Básico;4;Vendas Básico;10:29:40;15;39;Como controlar aprovações e liberar descontos com fórmula por tipo de negociação;1;1055213973;https://vimeo.com/1055213973;https://player.vimeo.com/video/1055213973;4;;5789;https://ead.sankhya.com.br/html/conteudo.php?act=cnt&niv=1&cat=4&cid=4&aid=39
4;Jornada de Vendas;Vendas Básico;4;Vendas Básico;10:29:40;16;43;Como controlar o fluxo de aprovação e liberar desconto para o produto acima do permitido;1;1055213917;https://vimeo.com/1055213917;https://player.vimeo.com/video/1055213917;4;;5434;https://ead.sankhya.com.br/html/conteudo.php?act=cnt&niv=1&cat=4&cid=4&aid=43
4;Jornada de Vendas;Vendas Básico;4;Vendas Básico;10:29:40;17;45;Como controlar a aprovação e aplicar fórmula de desconto máximo por tipo de negociação por item;1;1055293902;https://vimeo.com/1055293902;https://player.vimeo.com/video/1055293902;4;;4398;https://ead.sankhya.com.br/html/conteudo.php?act=cnt&niv=1&cat=4&cid=4&aid=45
4;Jornada de Vendas;Vendas Básico;4;Vendas Básico;10:29:40;18;47;Como realizar o controle e liberação de limites de prazo médio máximo e prazo máximo;1;1052408740;https://vimeo.com/1052408740;https://player.vimeo.com/video/1052408740;4;;5800;https://ead.sankhya.com.br/html/conteudo.php?act=cnt&niv=1&cat=4&cid=4&aid=47
4;Jornada de Vendas;Vendas Básico;4;Vendas Básico;10:29:40;19;60;Como controlar a aprovação e liberar os eventos de valor mínimo e máximo por tipo de negociação;1;1055213850;https://vimeo.com/1055213850;https://player.vimeo.com/video/1055213850;4;;5788;https://ead.sankhya.com.br/html/conteudo.php?act=cnt&niv=1&cat=4&cid=4&aid=60
4;Jornada de Vendas;Vendas Básico;4;Vendas Básico;10:29:40;20;66;Como controlar a aprovação e liberar os eventos de Lucro mínimo e Margem de Contribuição Mínima;1;1055213732;https://vimeo.com/1055213732;https://player.vimeo.com/video/1055213732;4;;6616;https://ead.sankhya.com.br/html/conteudo.php?act=cnt&niv=1&cat=4&cid=4&aid=66
4;Jornada de Vendas;Vendas Básico;4;Vendas Básico;10:29:40;21;69;Como realizar liberação de pedido de venda - evento 18 confirmação da nota;1;1052413800;https://vimeo.com/1052413800;https://player.vimeo.com/video/1052413800;4;;4761;https://ead.sankhya.com.br/html/conteudo.php?act=cnt&niv=1&cat=4&cid=4&aid=69
4;Jornada de Vendas;Vendas Básico;4;Vendas Básico;10:29:40;22;76;Como criar um agendador para confirmação de pedidos de vendas;1;1055949690;https://vimeo.com/1055949690;https://player.vimeo.com/video/1055949690;4;;4260;https://ead.sankhya.com.br/html/conteudo.php?act=cnt&niv=1&cat=4&cid=4&aid=76
4;Jornada de Vendas;Vendas Básico;4;Vendas Básico;10:29:40;23;89;Como controlar pedidos pendentes;1;1052442048;https://vimeo.com/1052442048;https://player.vimeo.com/video/1052442048;4;;3227;https://ead.sankhya.com.br/html/conteudo.php?act=cnt&niv=1&cat=4&cid=4&aid=89
4;Jornada de Vendas;Vendas Básico;4;Vendas Básico;10:29:40;24;92;Como emitir o relatório de pedidos de vendas pendentes;1;1055950768;https://vimeo.com/1055950768;https://player.vimeo.com/video/1055950768;;;1879;https://ead.sankhya.com.br/html/conteudo.php?act=cnt&niv=1&cat=4&cid=4&aid=92
4;Jornada de Vendas;Vendas Básico;4;Vendas Básico;10:29:40;25;98;Como realizar o corte de pedidos;1;1052413824;https://vimeo.com/1052413824;https://player.vimeo.com/video/1052413824;4;;8828;https://ead.sankhya.com.br/html/conteudo.php?act=cnt&niv=1&cat=4&cid=4&aid=98
4;Jornada de Vendas;Vendas Básico;4;Vendas Básico;10:29:40;26;99;Como realizar a conferência dos produtos que serão entregues e realizar liberações de corte;1;1052408582;https://vimeo.com/1052408582;https://player.vimeo.com/video/1052408582;4;Configura_es_necess_rias_para_realizar_a_Libera_o_do_Evento_64.pdf;5602;https://ead.sankhya.com.br/html/conteudo.php?act=cnt&niv=1&cat=4&cid=4&aid=99
4;Jornada de Vendas;Vendas Básico;4;Vendas Básico;10:29:40;27;100;Como realizar o faturamento parcial de pedidos de venda;1;1052408700;https://vimeo.com/1052408700;https://player.vimeo.com/video/1052408700;4;;5659;https://ead.sankhya.com.br/html/conteudo.php?act=cnt&niv=1&cat=4&cid=4&aid=100
4;Jornada de Vendas;Vendas Básico;4;Vendas Básico;10:29:40;28;101;Como criar um agendador para faturamento de pedidos de vendas;1;1055950886;https://vimeo.com/1055950886;https://player.vimeo.com/video/1055950886;4;;5308;https://ead.sankhya.com.br/html/conteudo.php?act=cnt&niv=1&cat=4&cid=4&aid=101
4;Jornada de Vendas;Vendas Básico;4;Vendas Básico;10:29:40;29;102;Como classificar corretamente a natureza e o centro de resultado nas vendas;1;1056861055;https://vimeo.com/1056861055;https://player.vimeo.com/video/1056861055;4;;4812;https://ead.sankhya.com.br/html/conteudo.php?act=cnt&niv=1&cat=4&cid=4&aid=102
4;Jornada de Vendas;Vendas Básico;4;Vendas Básico;10:29:40;30;103;Como realizar a emissão de NF-e (nota fiscal eletrônica);1;1057879712;https://vimeo.com/1057879712;https://player.vimeo.com/video/1057879712;4;;4349;https://ead.sankhya.com.br/html/conteudo.php?act=cnt&niv=1&cat=4&cid=4&aid=103
4;Jornada de Vendas;Vendas Básico;4;Vendas Básico;10:29:40;31;107;Como imprimir/enviar boleto por e-mail via Portal de Vendas;1;1061385286;https://vimeo.com/1061385286;https://player.vimeo.com/video/1061385286;;;2055;https://ead.sankhya.com.br/html/conteudo.php?act=cnt&niv=1&cat=4&cid=4&aid=107
4;Jornada de Vendas;Vendas Básico;4;Vendas Básico;10:29:40;32;109;Como visualizar o financeiro gerado pela nota na Central de Vendas;1;1061380591;https://vimeo.com/1061380591;https://player.vimeo.com/video/1061380591;4;;3094;https://ead.sankhya.com.br/html/conteudo.php?act=cnt&niv=1&cat=4&cid=4&aid=109
4;Jornada de Vendas;Vendas Básico;4;Vendas Básico;10:29:40;33;113;Como validar a movimentação de estoque após a venda;1;1061385410;https://vimeo.com/1061385410;https://player.vimeo.com/video/1061385410;4;;3484;https://ead.sankhya.com.br/html/conteudo.php?act=cnt&niv=1&cat=4&cid=4&aid=113
4;Jornada de Vendas;Vendas Básico;4;Vendas Básico;10:29:40;34;121;Como validar impostos calculados na nota fiscal;1;1061385374;https://vimeo.com/1061385374;https://player.vimeo.com/video/1061385374;;;2411;https://ead.sankhya.com.br/html/conteudo.php?act=cnt&niv=1&cat=4&cid=4&aid=121
4;Jornada de Vendas;Vendas Básico;4;Vendas Básico;10:29:40;35;122;Como realizar a impressão do DANFE;1;1055950193;https://vimeo.com/1055950193;https://player.vimeo.com/video/1055950193;;;1926;https://ead.sankhya.com.br/html/conteudo.php?act=cnt&niv=1&cat=4&cid=4&aid=122
4;Jornada de Vendas;Vendas Básico;4;Vendas Básico;10:29:40;36;123;Como sugerir produtos complementares ou alternativos na venda;1;1054607311;https://vimeo.com/1054607311;https://player.vimeo.com/video/1054607311;4;;5977;https://ead.sankhya.com.br/html/conteudo.php?act=cnt&niv=1&cat=4&cid=4&aid=123
4;Jornada de Vendas;Vendas Básico;4;Vendas Básico;10:29:40;37;125;Como emitir carta de correção eletrônica;1;1057849666;https://vimeo.com/1057849666;https://player.vimeo.com/video/1057849666;4;;3828;https://ead.sankhya.com.br/html/conteudo.php?act=cnt&niv=1&cat=4&cid=4&aid=125
4;Jornada de Vendas;Vendas Básico;4;Vendas Básico;10:29:40;38;127;Como identificar e tratar ocorrências na emissão de NF-e;1;1055572187;https://vimeo.com/1055572187;https://player.vimeo.com/video/1055572187;4;;4507;https://ead.sankhya.com.br/html/conteudo.php?act=cnt&niv=1&cat=4&cid=4&aid=127
4;Jornada de Vendas;Vendas Básico;4;Vendas Básico;10:29:40;39;137;Como emitir a NF complementar e identificar sua origem;1;1057849379;https://vimeo.com/1057849379;https://player.vimeo.com/video/1057849379;4;;4909;https://ead.sankhya.com.br/html/conteudo.php?act=cnt&niv=1&cat=4&cid=4&aid=137
4;Jornada de Vendas;Vendas Básico;4;Vendas Básico;10:29:40;40;144;Como realizar o cancelamento de nota fiscal;1;1052413721;https://vimeo.com/1052413721;https://player.vimeo.com/video/1052413721;4;;4054;https://ead.sankhya.com.br/html/conteudo.php?act=cnt&niv=1&cat=4&cid=4&aid=144
4;Jornada de Vendas;Vendas Básico;4;Vendas Básico;10:29:40;41;162;Como realizar uma devolução parcial;1;1068111932;https://vimeo.com/1068111932;https://player.vimeo.com/video/1068111932;4;;4645;https://ead.sankhya.com.br/html/conteudo.php?act=cnt&niv=1&cat=4&cid=4&aid=162
4;Jornada de Vendas;Vendas Básico;4;Vendas Básico;10:29:40;42;157;Como realizar uma devolução total de venda e identificar sua origem;1;1067872460;https://vimeo.com/1067872460;https://player.vimeo.com/video/1067872460;4;;4888;https://ead.sankhya.com.br/html/conteudo.php?act=cnt&niv=1&cat=4&cid=4&aid=157
4;Jornada de Vendas;Vendas Básico;4;Vendas Básico;10:29:40;43;163;Como visualizar as atualizações geradas pela devolução de venda, financeiro, estoque e DANFE;1;1068111884;https://vimeo.com/1068111884;https://player.vimeo.com/video/1068111884;;;3052;https://ead.sankhya.com.br/html/conteudo.php?act=cnt&niv=1&cat=4&cid=4&aid=163
4;Jornada de Vendas;Vendas Básico;4;Vendas Básico;10:29:40;44;164;Como registrar a devolução de venda e gerar crédito para o cliente;1;1056861107;https://vimeo.com/1056861107;https://player.vimeo.com/video/1056861107;4;;5732;https://ead.sankhya.com.br/html/conteudo.php?act=cnt&niv=1&cat=4&cid=4&aid=164
4;Jornada de Vendas;Vendas Básico;4;Vendas Básico;10:29:40;45;165;Como realizar compensação financeira de devolução;2;1052403464|1052413875;https://vimeo.com/1052403464 | https://vimeo.com/1052413875;https://player.vimeo.com/video/1052403464 | https://player.vimeo.com/video/1052413875;4;;6329;https://ead.sankhya.com.br/html/conteudo.php?act=cnt&niv=1&cat=4&cid=4&aid=165
4;Jornada de Vendas;Vendas Básico;4;Vendas Básico;10:29:40;46;166;Como consultar as negociações com os parceiros;1;1057849558;https://vimeo.com/1057849558;https://player.vimeo.com/video/1057849558;4;;4262;https://ead.sankhya.com.br/html/conteudo.php?act=cnt&niv=1&cat=4&cid=4&aid=166
4;Jornada de Vendas;Vendas Básico;4;Vendas Básico;10:29:40;47;167;Como realizar lançamentos na Venda Assistida;1;1052413929;https://vimeo.com/1052413929;https://player.vimeo.com/video/1052413929;4;;5301;https://ead.sankhya.com.br/html/conteudo.php?act=cnt&niv=1&cat=4&cid=4&aid=167
4;Jornada de Vendas;Vendas Básico;4;Vendas Básico;10:29:40;48;169;Como registrar vendas para entrega futura;1;1052413646;https://vimeo.com/1052413646;https://player.vimeo.com/video/1052413646;4;;7945;https://ead.sankhya.com.br/html/conteudo.php?act=cnt&niv=1&cat=4&cid=4&aid=169
4;Jornada de Vendas;Vendas Básico;4;Vendas Básico;10:29:40;49;173;Como faturar uma Venda NF-e com produtos rastreados e realizar a conferência do XML;1;1070476179;https://vimeo.com/1070476179;https://player.vimeo.com/video/1070476179;4;;10022;https://ead.sankhya.com.br/html/conteudo.php?act=cnt&niv=1&cat=4&cid=4&aid=173
5;Jornada de Distribuição;Distribuição Básico;5;Distribuição Básico;03:15:53;1;3;Introdução;1;376149867;https://vimeo.com/376149867;https://player.vimeo.com/video/376149867;;;2142;https://ead.sankhya.com.br/html/conteudo.php?act=cnt&niv=1&cat=5&cid=5&aid=3
5;Jornada de Distribuição;Distribuição Básico;5;Distribuição Básico;03:15:53;3;26;Como criar uma ordem de carga;1;1055182434;https://vimeo.com/1055182434;https://player.vimeo.com/video/1055182434;4;;3429;https://ead.sankhya.com.br/html/conteudo.php?act=cnt&niv=1&cat=5&cid=5&aid=26
5;Jornada de Distribuição;Distribuição Básico;5;Distribuição Básico;03:15:53;4;27;Como vincular um pedido de Ordem de Carga;2;1055182383|1055182415;https://vimeo.com/1055182383 | https://vimeo.com/1055182415;https://player.vimeo.com/video/1055182383 | https://player.vimeo.com/video/1055182415;4;;4756;https://ead.sankhya.com.br/html/conteudo.php?act=cnt&niv=1&cat=5&cid=5&aid=27
5;Jornada de Distribuição;Distribuição Básico;5;Distribuição Básico;03:15:53;5;50;Como realizar bloqueio por excesso de carga;1;1057577907;https://vimeo.com/1057577907;https://player.vimeo.com/video/1057577907;4;;4062;https://ead.sankhya.com.br/html/conteudo.php?act=cnt&niv=1&cat=5&cid=5&aid=50
5;Jornada de Distribuição;Distribuição Básico;5;Distribuição Básico;03:15:53;6;56;Como definir a sequência de entrega de acordo com a rota;1;1055192410;https://vimeo.com/1055192410;https://player.vimeo.com/video/1055192410;4;;4517;https://ead.sankhya.com.br/html/conteudo.php?act=cnt&niv=1&cat=5&cid=5&aid=56
5;Jornada de Distribuição;Distribuição Básico;5;Distribuição Básico;03:15:53;7;80;Como calcular frete com escolha de transportadora;1;1067848911;https://vimeo.com/1067848911;https://player.vimeo.com/video/1067848911;4;;4110;https://ead.sankhya.com.br/html/conteudo.php?act=cnt&niv=1&cat=5&cid=5&aid=80
5;Jornada de Distribuição;Distribuição Básico;5;Distribuição Básico;03:15:53;8;112;Como calcular o frete manualmente ou por fórmula com rateio por peso;2;1067848869|1054616033;https://vimeo.com/1067848869 | https://vimeo.com/1054616033;https://player.vimeo.com/video/1067848869 | https://player.vimeo.com/video/1054616033;4;;9377;https://ead.sankhya.com.br/html/conteudo.php?act=cnt&niv=1&cat=5&cid=5&aid=112
5;Jornada de Distribuição;Distribuição Básico;5;Distribuição Básico;03:15:53;9;145;Como calcular o frete conforme a rota e realizar o rateio por valor dos pedidos;1;1067866314;https://vimeo.com/1067866314;https://player.vimeo.com/video/1067866314;4;Como_configurar_rotas.pdf;4913;https://ead.sankhya.com.br/html/conteudo.php?act=cnt&niv=1&cat=5&cid=5&aid=145
5;Jornada de Distribuição;Distribuição Básico;5;Distribuição Básico;03:15:53;10;211;Como emitir relatório de separação de mercadorias;1;1055192475;https://vimeo.com/1055192475;https://player.vimeo.com/video/1055192475;4;;2656;https://ead.sankhya.com.br/html/conteudo.php?act=cnt&niv=1&cat=5&cid=5&aid=211
5;Jornada de Distribuição;Distribuição Básico;5;Distribuição Básico;03:15:53;14;214;Como realizar o acerto de ordem de carga;2;1055192327|1057879618;https://vimeo.com/1055192327 | https://vimeo.com/1057879618;https://player.vimeo.com/video/1055192327 | https://player.vimeo.com/video/1057879618;4;;4734;https://ead.sankhya.com.br/html/conteudo.php?act=cnt&niv=1&cat=5&cid=5&aid=214
5;Jornada de Distribuição;Distribuição Básico;5;Distribuição Básico;03:15:53;15;220;Como gerar diferença do acerto de ordem de carga para o financeiro;1;1067046419;https://vimeo.com/1067046419;https://player.vimeo.com/video/1067046419;;;4258;https://ead.sankhya.com.br/html/conteudo.php?act=cnt&niv=1&cat=5&cid=5&aid=220
5;Jornada de Distribuição;Distribuição Básico;5;Distribuição Básico;03:15:53;16;224;Como gerar movimentações bancárias do acerto;1;1067848980;https://vimeo.com/1067848980;https://player.vimeo.com/video/1067848980;;;2530;https://ead.sankhya.com.br/html/conteudo.php?act=cnt&niv=1&cat=5&cid=5&aid=224
5;Jornada de Distribuição;Distribuição Básico;5;Distribuição Básico;03:15:53;17;226;Como alterar ordem de carga fechada;1;1057592902;https://vimeo.com/1057592902;https://player.vimeo.com/video/1057592902;4;;3732;https://ead.sankhya.com.br/html/conteudo.php?act=cnt&niv=1&cat=5&cid=5&aid=226
6;Jornada de Pagamentos;Pagamento Básico;6;Pagamento Básico;04:29:49;1;6;Introdução;1;374407257;https://vimeo.com/374407257;https://player.vimeo.com/video/374407257;;;1955;https://ead.sankhya.com.br/html/conteudo.php?act=cnt&niv=1&cat=6&cid=6&aid=6
6;Jornada de Pagamentos;Pagamento Básico;6;Pagamento Básico;04:29:49;2;8;Como realizar o controle de provisões de contas a pagar: Origem em Compras e Financeiro;2;1052443020|1052443164;https://vimeo.com/1052443020 | https://vimeo.com/1052443164;https://player.vimeo.com/video/1052443020 | https://player.vimeo.com/video/1052443164;4;;6824;https://ead.sankhya.com.br/html/conteudo.php?act=cnt&niv=1&cat=6&cid=6&aid=8
6;Jornada de Pagamentos;Pagamento Básico;6;Pagamento Básico;04:29:49;3;17;Como controlar e registrar contas a pagar: Origem em Compras e Financeiro;2;1052443244|1052443368;https://vimeo.com/1052443244 | https://vimeo.com/1052443368;https://player.vimeo.com/video/1052443244 | https://player.vimeo.com/video/1052443368;4;;7220;https://ead.sankhya.com.br/html/conteudo.php?act=cnt&niv=1&cat=6&cid=6&aid=17
6;Jornada de Pagamentos;Pagamento Básico;6;Pagamento Básico;04:29:49;4;37;Como realizar a formação de duplicatas;1;1068117944;https://vimeo.com/1068117944;https://player.vimeo.com/video/1068117944;4;;4750;https://ead.sankhya.com.br/html/conteudo.php?act=cnt&niv=1&cat=6&cid=6&aid=37
6;Jornada de Pagamentos;Pagamento Básico;6;Pagamento Básico;04:29:49;5;41;Como realizar a renegociação de títulos de despesa;1;1052441969;https://vimeo.com/1052441969;https://player.vimeo.com/video/1052441969;4;;5219;https://ead.sankhya.com.br/html/conteudo.php?act=cnt&niv=1&cat=6&cid=6&aid=41
6;Jornada de Pagamentos;Pagamento Básico;6;Pagamento Básico;04:29:49;6;48;Como ratear títulos de despesas;1;1052442586;https://vimeo.com/1052442586;https://player.vimeo.com/video/1052442586;4;;4044;https://ead.sankhya.com.br/html/conteudo.php?act=cnt&niv=1&cat=6&cid=6&aid=48
6;Jornada de Pagamentos;Pagamento Básico;6;Pagamento Básico;04:29:49;7;52;Como vincular cheques emitidos às despesas;1;1052442740;https://vimeo.com/1052442740;https://player.vimeo.com/video/1052442740;4;;5153;https://ead.sankhya.com.br/html/conteudo.php?act=cnt&niv=1&cat=6&cid=6&aid=52
6;Jornada de Pagamentos;Pagamento Básico;6;Pagamento Básico;04:29:49;8;55;Como realizar o controle de cheques emitidos e não compensados;1;1052441790;https://vimeo.com/1052441790;https://player.vimeo.com/video/1052441790;4;;5768;https://ead.sankhya.com.br/html/conteudo.php?act=cnt&niv=1&cat=6&cid=6&aid=55
6;Jornada de Pagamentos;Pagamento Básico;6;Pagamento Básico;04:29:49;9;62;Como parcelar títulos de despesa;1;1052442671;https://vimeo.com/1052442671;https://player.vimeo.com/video/1052442671;4;;4200;https://ead.sankhya.com.br/html/conteudo.php?act=cnt&niv=1&cat=6&cid=6&aid=62
6;Jornada de Pagamentos;Pagamento Básico;6;Pagamento Básico;04:29:49;10;65;Como conferir as contas a pagar pela Movimentação Financeira e pela Agenda financeira;2;1052442442|1052442922;https://vimeo.com/1052442442 | https://vimeo.com/1052442922;https://player.vimeo.com/video/1052442442 | https://player.vimeo.com/video/1052442922;4;;4772;https://ead.sankhya.com.br/html/conteudo.php?act=cnt&niv=1&cat=6&cid=6&aid=65
6;Jornada de Pagamentos;Pagamento Básico;6;Pagamento Básico;04:29:49;11;71;Como realizar adiantamento e empréstimos a fornecedores;1;1052442519;https://vimeo.com/1052442519;https://player.vimeo.com/video/1052442519;4;;5584;https://ead.sankhya.com.br/html/conteudo.php?act=cnt&niv=1&cat=6&cid=6&aid=71
6;Jornada de Pagamentos;Pagamento Básico;6;Pagamento Básico;04:29:49;12;74;Como registrar juros e multas em títulos de despesa em atraso;2;1052443769|1052442207;https://vimeo.com/1052443769 | https://vimeo.com/1052442207;https://player.vimeo.com/video/1052443769 | https://player.vimeo.com/video/1052442207;4;;6286;https://ead.sankhya.com.br/html/conteudo.php?act=cnt&niv=1&cat=6&cid=6&aid=74
6;Jornada de Pagamentos;Pagamento Básico;6;Pagamento Básico;04:29:49;13;83;Como realizar a baixa de títulos;5;1052443708|1052443535|1052443622|1052443461|1052442139;https://vimeo.com/1052443708 | https://vimeo.com/1052443535 | https://vimeo.com/1052443622 | https://vimeo.com/1052443461 | https://vimeo.com/1052442139;https://player.vimeo.com/video/1052443708 | https://player.vimeo.com/video/1052443535 | https://player.vimeo.com/video/1052443622 | https://player.vimeo.com/video/1052443461 | https://player.vimeo.com/video/1052442139;4;;12986;https://ead.sankhya.com.br/html/conteudo.php?act=cnt&niv=1&cat=6&cid=6&aid=83
6;Jornada de Pagamentos;Pagamento Básico;6;Pagamento Básico;04:29:49;14;95;Como realizar a autorização de pagamentos;1;1056364770;https://vimeo.com/1056364770;https://player.vimeo.com/video/1056364770;4;;4405;https://ead.sankhya.com.br/html/conteudo.php?act=cnt&niv=1&cat=6&cid=6&aid=95
6;Jornada de Pagamentos;Pagamento Básico;6;Pagamento Básico;04:29:49;15;96;Como estornar títulos de despesa (desfazer a baixa);2;1068111849|1068111955;https://vimeo.com/1068111849 | https://vimeo.com/1068111955;https://player.vimeo.com/video/1068111849 | https://player.vimeo.com/video/1068111955;4;;4766;https://ead.sankhya.com.br/html/conteudo.php?act=cnt&niv=1&cat=6&cid=6&aid=96
6;Jornada de Pagamentos;Pagamento Básico;6;Pagamento Básico;04:29:49;16;97;Como realizar compensações financeiras de despesas;1;1052442274;https://vimeo.com/1052442274;https://player.vimeo.com/video/1052442274;4;;4909;https://ead.sankhya.com.br/html/conteudo.php?act=cnt&niv=1&cat=6&cid=6&aid=97
7;Jornada de Recebimentos;Recebimento Básico;7;Recebimento Básico;06:35:22;1;186;Introdução;1;397233235;https://vimeo.com/397233235;https://player.vimeo.com/video/397233235;;;3047;https://ead.sankhya.com.br/html/conteudo.php?act=cnt&niv=1&cat=7&cid=7&aid=186
7;Jornada de Recebimentos;Recebimento Básico;7;Recebimento Básico;06:35:22;2;189;Como realizar o controle de provisões de contas a receber: Origem em Vendas e Financeiro;2;1055293785|1057573907;https://vimeo.com/1055293785 | https://vimeo.com/1057573907;https://player.vimeo.com/video/1055293785 | https://player.vimeo.com/video/1057573907;4;;6703;https://ead.sankhya.com.br/html/conteudo.php?act=cnt&niv=1&cat=7&cid=7&aid=189
7;Jornada de Recebimentos;Recebimento Básico;7;Recebimento Básico;06:35:22;3;193;Como controlar e registrar contas a receber: Origem em Vendas e Financeiro;2;1052445071|1056365123;https://vimeo.com/1052445071 | https://vimeo.com/1056365123;https://player.vimeo.com/video/1052445071 | https://player.vimeo.com/video/1056365123;4;;7180;https://ead.sankhya.com.br/html/conteudo.php?act=cnt&niv=1&cat=7&cid=7&aid=193
7;Jornada de Recebimentos;Recebimento Básico;7;Recebimento Básico;06:35:22;4;199;Como registrar um adiantamento/empréstimo de cliente;1;1057478072;https://vimeo.com/1057478072;https://player.vimeo.com/video/1057478072;4;;6182;https://ead.sankhya.com.br/html/conteudo.php?act=cnt&niv=1&cat=7&cid=7&aid=199
7;Jornada de Recebimentos;Recebimento Básico;7;Recebimento Básico;06:35:22;5;201;Como ratear títulos de receita;1;1052444409;https://vimeo.com/1052444409;https://player.vimeo.com/video/1052444409;4;;5358;https://ead.sankhya.com.br/html/conteudo.php?act=cnt&niv=1&cat=7&cid=7&aid=201
7;Jornada de Recebimentos;Recebimento Básico;7;Recebimento Básico;06:35:22;6;204;Como conferir os títulos a receber na Movimentação Financeira e na Agenda Financeira;2;1052444345|1052443888;https://vimeo.com/1052444345 | https://vimeo.com/1052443888;https://player.vimeo.com/video/1052444345 | https://player.vimeo.com/video/1052443888;4;;6021;https://ead.sankhya.com.br/html/conteudo.php?act=cnt&niv=1&cat=7&cid=7&aid=204
7;Jornada de Recebimentos;Recebimento Básico;7;Recebimento Básico;06:35:22;7;206;Como realizar a emissão de boletos;1;1052444252;https://vimeo.com/1052444252;https://player.vimeo.com/video/1052444252;4;;5582;https://ead.sankhya.com.br/html/conteudo.php?act=cnt&niv=1&cat=7&cid=7&aid=206
7;Jornada de Recebimentos;Recebimento Básico;7;Recebimento Básico;06:35:22;8;207;Como realizar e emissão de boleto rápido híbrido (código de barras e chave pix);1;1055572020;https://vimeo.com/1055572020;https://player.vimeo.com/video/1055572020;4;;5856;https://ead.sankhya.com.br/html/conteudo.php?act=cnt&niv=1&cat=7&cid=7&aid=207
7;Jornada de Recebimentos;Recebimento Básico;7;Recebimento Básico;06:35:22;9;208;Como realizar a Formação de Duplicatas;1;1057478317;https://vimeo.com/1057478317;https://player.vimeo.com/video/1057478317;4;;5379;https://ead.sankhya.com.br/html/conteudo.php?act=cnt&niv=1&cat=7&cid=7&aid=208
7;Jornada de Recebimentos;Recebimento Básico;7;Recebimento Básico;06:35:22;10;209;Como calcular juros e multas de títulos em atraso;1;1052444067;https://vimeo.com/1052444067;https://player.vimeo.com/video/1052444067;4;;5842;https://ead.sankhya.com.br/html/conteudo.php?act=cnt&niv=1&cat=7&cid=7&aid=209
7;Jornada de Recebimentos;Recebimento Básico;7;Recebimento Básico;06:35:22;11;210;Como realizar o controle de cheques pré-datados;1;1057836329;https://vimeo.com/1057836329;https://player.vimeo.com/video/1057836329;4;;4805;https://ead.sankhya.com.br/html/conteudo.php?act=cnt&niv=1&cat=7&cid=7&aid=210
7;Jornada de Recebimentos;Recebimento Básico;7;Recebimento Básico;06:35:22;12;212;Como realizar antecipação de recebíveis;1;1055553352;https://vimeo.com/1055553352;https://player.vimeo.com/video/1055553352;4;;8018;https://ead.sankhya.com.br/html/conteudo.php?act=cnt&niv=1&cat=7&cid=7&aid=212
7;Jornada de Recebimentos;Recebimento Básico;7;Recebimento Básico;06:35:22;13;213;Como realizar descontos de títulos;1;1055553417;https://vimeo.com/1055553417;https://player.vimeo.com/video/1055553417;4;;6659;https://ead.sankhya.com.br/html/conteudo.php?act=cnt&niv=1&cat=7&cid=7&aid=213
7;Jornada de Recebimentos;Recebimento Básico;7;Recebimento Básico;06:35:22;14;215;Como realizar a baixa de títulos;3;1057593068|1057592995|1057836399;https://vimeo.com/1057593068 | https://vimeo.com/1057592995 | https://vimeo.com/1057836399;https://player.vimeo.com/video/1057593068 | https://player.vimeo.com/video/1057592995 | https://player.vimeo.com/video/1057836399;4;;8856;https://ead.sankhya.com.br/html/conteudo.php?act=cnt&niv=1&cat=7&cid=7&aid=215
7;Jornada de Recebimentos;Recebimento Básico;7;Recebimento Básico;06:35:22;15;217;Como realizar baixa de vários títulos de receitas;1;1057573989;https://vimeo.com/1057573989;https://player.vimeo.com/video/1057573989;4;;5395;https://ead.sankhya.com.br/html/conteudo.php?act=cnt&niv=1&cat=7&cid=7&aid=217
7;Jornada de Recebimentos;Recebimento Básico;7;Recebimento Básico;06:35:22;16;219;Como realizar a baixa de títulos com moeda estrangeira;1;1057573790;https://vimeo.com/1057573790;https://player.vimeo.com/video/1057573790;4;;4339;https://ead.sankhya.com.br/html/conteudo.php?act=cnt&niv=1&cat=7&cid=7&aid=219
7;Jornada de Recebimentos;Recebimento Básico;7;Recebimento Básico;06:35:22;17;222;Como realizar Recebimentos via TEF;1;1057592795;https://vimeo.com/1057592795;https://player.vimeo.com/video/1057592795;4;;5611;https://ead.sankhya.com.br/html/conteudo.php?act=cnt&niv=1&cat=7&cid=7&aid=222
7;Jornada de Recebimentos;Recebimento Básico;7;Recebimento Básico;06:35:22;18;223;Como realizar alterações, cancelamento, baixa e conciliação de boletos rápidos;1;1057573841;https://vimeo.com/1057573841;https://player.vimeo.com/video/1057573841;4;;8084;https://ead.sankhya.com.br/html/conteudo.php?act=cnt&niv=1&cat=7&cid=7&aid=223
7;Jornada de Recebimentos;Recebimento Básico;7;Recebimento Básico;06:35:22;19;227;Como controlar o fluxo de aprovação e liberar limite de crédito no pedido de venda;2;1057592945|1057836481;https://vimeo.com/1057592945 | https://vimeo.com/1057836481;https://player.vimeo.com/video/1057592945 | https://player.vimeo.com/video/1057836481;4;;7581;https://ead.sankhya.com.br/html/conteudo.php?act=cnt&niv=1&cat=7&cid=7&aid=227
7;Jornada de Recebimentos;Recebimento Básico;7;Recebimento Básico;06:35:22;20;228;Como realizar compensação de receitas;1;1055572092;https://vimeo.com/1055572092;https://player.vimeo.com/video/1055572092;4;;5143;https://ead.sankhya.com.br/html/conteudo.php?act=cnt&niv=1&cat=7&cid=7&aid=228
7;Jornada de Recebimentos;Recebimento Básico;7;Recebimento Básico;06:35:22;21;229;Como realizar estorno de receitas (desfazer a baixa);2;1067866275|1067872493;https://vimeo.com/1067866275 | https://vimeo.com/1067872493;https://player.vimeo.com/video/1067866275 | https://player.vimeo.com/video/1067872493;4;;5981;https://ead.sankhya.com.br/html/conteudo.php?act=cnt&niv=1&cat=7&cid=7&aid=229
7;Jornada de Recebimentos;Recebimento Básico;7;Recebimento Básico;06:35:22;22;230;Como realizar a compensação de crédito de cliente;1;1052413875;https://vimeo.com/1052413875;https://player.vimeo.com/video/1052413875;4;;5510;https://ead.sankhya.com.br/html/conteudo.php?act=cnt&niv=1&cat=7&cid=7&aid=230
7;Jornada de Recebimentos;Recebimento Básico;7;Recebimento Básico;06:35:22;23;231;Como realizar a devolução de cheques;1;1056364496;https://vimeo.com/1056364496;https://player.vimeo.com/video/1056364496;4;;5506;https://ead.sankhya.com.br/html/conteudo.php?act=cnt&niv=1&cat=7&cid=7&aid=231
7;Jornada de Recebimentos;Recebimento Básico;7;Recebimento Básico;06:35:22;24;232;Como classificar os clientes de acordo com sua pontualidade de pagamento;1;1052444197;https://vimeo.com/1052444197;https://player.vimeo.com/video/1052444197;4;;4610;https://ead.sankhya.com.br/html/conteudo.php?act=cnt&niv=1&cat=7&cid=7&aid=232
7;Jornada de Recebimentos;Recebimento Básico;7;Recebimento Básico;06:35:22;25;233;Como realizar uma renegociação de títulos a receber;1;1057478156;https://vimeo.com/1057478156;https://player.vimeo.com/video/1057478156;4;;4887;https://ead.sankhya.com.br/html/conteudo.php?act=cnt&niv=1&cat=7&cid=7&aid=233
8;Jornada Financeira;Financeiro Básico;8;Financeiro Básico;02:17:30;1;175;Introdução;1;396699013;https://vimeo.com/396699013;https://player.vimeo.com/video/396699013;;;2767;https://ead.sankhya.com.br/html/conteudo.php?act=cnt&niv=1&cat=8&cid=8&aid=175
8;Jornada Financeira;Financeiro Básico;8;Financeiro Básico;02:17:30;3;176;Como Realizar Movimentações bancárias entre contas da empresa;1;1052393397;https://vimeo.com/1052393397;https://player.vimeo.com/video/1052393397;4;;4500;https://ead.sankhya.com.br/html/conteudo.php?act=cnt&niv=1&cat=8&cid=8&aid=176
8;Jornada Financeira;Financeiro Básico;8;Financeiro Básico;02:17:30;4;178;Como realizar a transferência de títulos entre contas da empresa;1;1052393342;https://vimeo.com/1052393342;https://player.vimeo.com/video/1052393342;4;;5396;https://ead.sankhya.com.br/html/conteudo.php?act=cnt&niv=1&cat=8&cid=8&aid=178
8;Jornada Financeira;Financeiro Básico;8;Financeiro Básico;02:17:30;5;180;Como registrar rendimentos de aplicações financeiras e juros pagos de empréstimos;1;1052393188;https://vimeo.com/1052393188;https://player.vimeo.com/video/1052393188;4;;5663;https://ead.sankhya.com.br/html/conteudo.php?act=cnt&niv=1&cat=8&cid=8&aid=180
8;Jornada Financeira;Financeiro Básico;8;Financeiro Básico;02:17:30;6;183;Como realizar o fechamento de caixa;1;1052376792;https://vimeo.com/1052376792;https://player.vimeo.com/video/1052376792;4;;5250;https://ead.sankhya.com.br/html/conteudo.php?act=cnt&niv=1&cat=8&cid=8&aid=183
8;Jornada Financeira;Financeiro Básico;8;Financeiro Básico;02:17:30;7;190;Como realizar conciliação bancária manual;1;1068829406;https://vimeo.com/1068829406;https://player.vimeo.com/video/1068829406;4;;4724;https://ead.sankhya.com.br/html/conteudo.php?act=cnt&niv=1&cat=8&cid=8&aid=190
8;Jornada Financeira;Financeiro Básico;8;Financeiro Básico;02:17:30;8;194;Como realizar conciliação do extrato bancário;1;1052393226;https://vimeo.com/1052393226;https://player.vimeo.com/video/1052393226;;;4223;https://ead.sankhya.com.br/html/conteudo.php?act=cnt&niv=1&cat=8&cid=8&aid=194
8;Jornada Financeira;Financeiro Básico;8;Financeiro Básico;02:17:30;9;196;Como realizar a conciliação bancária automática através da baixa;1;1052403532;https://vimeo.com/1052403532;https://player.vimeo.com/video/1052403532;;;2323;https://ead.sankhya.com.br/html/conteudo.php?act=cnt&niv=1&cat=8&cid=8&aid=196
8;Jornada Financeira;Financeiro Básico;8;Financeiro Básico;02:17:30;10;197;Como controlar as contas da empresa;1;1052376922;https://vimeo.com/1052376922;https://player.vimeo.com/video/1052376922;4;;4705;https://ead.sankhya.com.br/html/conteudo.php?act=cnt&niv=1&cat=8&cid=8&aid=197
9;Configurações técnicas;Parametrizações e Configurações;9;Parametrizações e Configurações;04:17:57;1;42;Como realizar a conferência de Parâmetros;1;845374849;https://vimeo.com/845374849;https://player.vimeo.com/video/845374849;;;1210;https://ead.sankhya.com.br/html/conteudo.php?act=cnt&niv=1&cat=9&cid=9&aid=42
9;Configurações técnicas;Parametrizações e Configurações;9;Parametrizações e Configurações;04:17:57;3;63;Como cadastrar e definir as preferências da empresa;2;374256905|812892674;https://vimeo.com/374256905 | https://vimeo.com/812892674;https://player.vimeo.com/video/374256905 | https://player.vimeo.com/video/812892674;;;3644;https://ead.sankhya.com.br/html/conteudo.php?act=cnt&niv=1&cat=9&cid=9&aid=63
9;Configurações técnicas;Parametrizações e Configurações;9;Parametrizações e Configurações;04:17:57;4;249;Como cadastrar Agência Bancária;1;849463405;https://vimeo.com/849463405;https://player.vimeo.com/video/849463405;;;1578;https://ead.sankhya.com.br/html/conteudo.php?act=cnt&niv=1&cat=9&cid=9&aid=249
9;Configurações técnicas;Parametrizações e Configurações;9;Parametrizações e Configurações;04:17:57;5;140;Como cadastrar Bancos;1;845285164;https://vimeo.com/845285164;https://player.vimeo.com/video/845285164;;;752;https://ead.sankhya.com.br/html/conteudo.php?act=cnt&niv=1&cat=9&cid=9&aid=140
9;Configurações técnicas;Parametrizações e Configurações;9;Parametrizações e Configurações;04:17:57;6;250;Como cadastrar Contas bancárias;1;849565172;https://vimeo.com/849565172;https://player.vimeo.com/video/849565172;;;1604;https://ead.sankhya.com.br/html/conteudo.php?act=cnt&niv=1&cat=9&cid=9&aid=250
9;Configurações técnicas;Parametrizações e Configurações;9;Parametrizações e Configurações;04:17:57;7;251;Como implantar saldos em contas bancárias;1;838797631;https://vimeo.com/838797631;https://player.vimeo.com/video/838797631;;;2559;https://ead.sankhya.com.br/html/conteudo.php?act=cnt&niv=1&cat=9&cid=9&aid=251
9;Configurações técnicas;Parametrizações e Configurações;9;Parametrizações e Configurações;04:17:57;8;252;Como cadastrar históricos bancários;1;845357067;https://vimeo.com/845357067;https://player.vimeo.com/video/845357067;;;1444;https://ead.sankhya.com.br/html/conteudo.php?act=cnt&niv=1&cat=9&cid=9&aid=252
9;Configurações técnicas;Parametrizações e Configurações;9;Parametrizações e Configurações;04:17:57;10;93;Como cadastrar Parceiros;1;848379493;https://vimeo.com/848379493;https://player.vimeo.com/video/848379493;;;1358;https://ead.sankhya.com.br/html/conteudo.php?act=cnt&niv=1&cat=9&cid=9&aid=93
9;Configurações técnicas;Parametrizações e Configurações;9;Parametrizações e Configurações;04:17:57;11;73;Como cadastrar Marcas de Produtos;1;845357649;https://vimeo.com/845357649;https://player.vimeo.com/video/845357649;;;750;https://ead.sankhya.com.br/html/conteudo.php?act=cnt&niv=1&cat=9&cid=9&aid=73
9;Configurações técnicas;Parametrizações e Configurações;9;Parametrizações e Configurações;04:17:57;12;75;Como cadastrar Máscaras e Locais;1;864578922;https://vimeo.com/864578922;https://player.vimeo.com/video/864578922;;;2779;https://ead.sankhya.com.br/html/conteudo.php?act=cnt&niv=1&cat=9&cid=9&aid=75
9;Configurações técnicas;Parametrizações e Configurações;9;Parametrizações e Configurações;04:17:57;14;114;Como cadastrar Grupos de Produtos/Serviços;1;909226885;https://vimeo.com/909226885;https://player.vimeo.com/video/909226885;;;1381;https://ead.sankhya.com.br/html/conteudo.php?act=cnt&niv=1&cat=9&cid=9&aid=114
9;Configurações técnicas;Parametrizações e Configurações;9;Parametrizações e Configurações;04:17:57;15;134;Como cadastrar Unidades de Medidas;1;845374629;https://vimeo.com/845374629;https://player.vimeo.com/video/845374629;;;1387;https://ead.sankhya.com.br/html/conteudo.php?act=cnt&niv=1&cat=9&cid=9&aid=134
9;Configurações técnicas;Parametrizações e Configurações;9;Parametrizações e Configurações;04:17:57;16;77;Como cadastrar Produtos;1;838317096;https://vimeo.com/838317096;https://player.vimeo.com/video/838317096;;;1560;https://ead.sankhya.com.br/html/conteudo.php?act=cnt&niv=1&cat=9&cid=9&aid=77
9;Configurações técnicas;Parametrizações e Configurações;9;Parametrizações e Configurações;04:17:57;17;78;Como cadastrar Unidades Alternativas;1;1086050444;https://vimeo.com/1086050444;https://player.vimeo.com/video/1086050444;;;1737;https://ead.sankhya.com.br/html/conteudo.php?act=cnt&niv=1&cat=9&cid=9&aid=78
9;Configurações técnicas;Parametrizações e Configurações;9;Parametrizações e Configurações;04:17:57;18;59;Como cadastrar alíquotas de PIS, COFINS E CSLL;1;838432720;https://vimeo.com/838432720;https://player.vimeo.com/video/838432720;;;6510;https://ead.sankhya.com.br/html/conteudo.php?act=cnt&niv=1&cat=9&cid=9&aid=59
9;Configurações técnicas;Parametrizações e Configurações;9;Parametrizações e Configurações;04:17:57;20;81;Como cadastrar Serviços;1;864947338;https://vimeo.com/864947338;https://player.vimeo.com/video/864947338;;;3127;https://ead.sankhya.com.br/html/conteudo.php?act=cnt&niv=1&cat=9&cid=9&aid=81
9;Configurações técnicas;Parametrizações e Configurações;9;Parametrizações e Configurações;04:17:57;21;68;Como cadastrar Grupo de Usuários e Usuários;2;845297362|845374737;https://vimeo.com/845297362 | https://vimeo.com/845374737;https://player.vimeo.com/video/845297362 | https://player.vimeo.com/video/845374737;;;1944;https://ead.sankhya.com.br/html/conteudo.php?act=cnt&niv=1&cat=9&cid=9&aid=68
9;Configurações técnicas;Parametrizações e Configurações;9;Parametrizações e Configurações;04:17:57;22;70;Como liberar acessos a telas;1;846013741;https://vimeo.com/846013741;https://player.vimeo.com/video/846013741;;;2656;https://ead.sankhya.com.br/html/conteudo.php?act=cnt&niv=1&cat=9&cid=9&aid=70
9;Configurações técnicas;Parametrizações e Configurações;9;Parametrizações e Configurações;04:17:57;23;244;Como realizar o cadastro de centro de resultado;1;845288523;https://vimeo.com/845288523;https://player.vimeo.com/video/845288523;;;1723;https://ead.sankhya.com.br/html/conteudo.php?act=cnt&niv=1&cat=9&cid=9&aid=244
9;Configurações técnicas;Parametrizações e Configurações;9;Parametrizações e Configurações;04:17:57;24;105;Como cadastrar vendedores/compradores;1;897950184;https://vimeo.com/897950184;https://player.vimeo.com/video/897950184;;;1752;https://ead.sankhya.com.br/html/conteudo.php?act=cnt&niv=1&cat=9&cid=9&aid=105
9;Configurações técnicas;Parametrizações e Configurações;9;Parametrizações e Configurações;04:17:57;25;248;Como cadastrar Tipos de Títulos;1;849463449;https://vimeo.com/849463449;https://player.vimeo.com/video/849463449;;;1123;https://ead.sankhya.com.br/html/conteudo.php?act=cnt&niv=1&cat=9&cid=9&aid=248
9;Configurações técnicas;Parametrizações e Configurações;9;Parametrizações e Configurações;04:17:57;26;247;Como cadastrar Tipos de Negociação;1;845407435;https://vimeo.com/845407435;https://player.vimeo.com/video/845407435;;;1557;https://ead.sankhya.com.br/html/conteudo.php?act=cnt&niv=1&cat=9&cid=9&aid=247
9;Configurações técnicas;Parametrizações e Configurações;9;Parametrizações e Configurações;04:17:57;27;54;Como configurar o Servidor SMTP e a Conta SMTP;2;846022455|846022418;https://vimeo.com/846022455 | https://vimeo.com/846022418;https://player.vimeo.com/video/846022455 | https://player.vimeo.com/video/846022418;;;3305;https://ead.sankhya.com.br/html/conteudo.php?act=cnt&niv=1&cat=9&cid=9&aid=54
9;Configurações técnicas;Parametrizações e Configurações;9;Parametrizações e Configurações;04:17:57;29;108;Como realizar a conferência do Certificado Digital;1;845085006;https://vimeo.com/845085006;https://player.vimeo.com/video/845085006;;;1788;https://ead.sankhya.com.br/html/conteudo.php?act=cnt&niv=1&cat=9&cid=9&aid=108
9;Configurações técnicas;Parametrizações e Configurações;9;Parametrizações e Configurações;04:17:57;30;110;Como cadastrar Tipos de Operação - TOP;1;845084520;https://vimeo.com/845084520;https://player.vimeo.com/video/845084520;;;1869;https://ead.sankhya.com.br/html/conteudo.php?act=cnt&niv=1&cat=9&cid=9&aid=110
9;Configurações técnicas;Parametrizações e Configurações;9;Parametrizações e Configurações;04:17:57;31;82;Como cadastrar Projetos;1;845364121;https://vimeo.com/845364121;https://player.vimeo.com/video/845364121;;;1182;https://ead.sankhya.com.br/html/conteudo.php?act=cnt&niv=1&cat=9&cid=9&aid=82
9;Configurações técnicas;Parametrizações e Configurações;9;Parametrizações e Configurações;04:17:57;32;85;Como cadastrar Critérios de Rateio;1;837635876;https://vimeo.com/837635876;https://player.vimeo.com/video/837635876;;;1241;https://ead.sankhya.com.br/html/conteudo.php?act=cnt&niv=1&cat=9&cid=9&aid=85
9;Configurações técnicas;Parametrizações e Configurações;9;Parametrizações e Configurações;04:17:57;33;253;Como cadastrar Regiões;1;845364141;https://vimeo.com/845364141;https://player.vimeo.com/video/845364141;;;1573;https://ead.sankhya.com.br/html/conteudo.php?act=cnt&niv=1&cat=9&cid=9&aid=253
9;Configurações técnicas;Parametrizações e Configurações;9;Parametrizações e Configurações;04:17:57;34;254;Como cadastrar Países;1;845360017;https://vimeo.com/845360017;https://player.vimeo.com/video/845360017;;;1075;https://ead.sankhya.com.br/html/conteudo.php?act=cnt&niv=1&cat=9&cid=9&aid=254
9;Configurações técnicas;Parametrizações e Configurações;9;Parametrizações e Configurações;04:17:57;35;255;Como cadastrar Estados;1;845296948;https://vimeo.com/845296948;https://player.vimeo.com/video/845296948;;;1258;https://ead.sankhya.com.br/html/conteudo.php?act=cnt&niv=1&cat=9&cid=9&aid=255
9;Configurações técnicas;Parametrizações e Configurações;9;Parametrizações e Configurações;04:17:57;36;256;Como cadastrar Cidades;1;845312522;https://vimeo.com/845312522;https://player.vimeo.com/video/845312522;;;1336;https://ead.sankhya.com.br/html/conteudo.php?act=cnt&niv=1&cat=9&cid=9&aid=256
9;Configurações técnicas;Parametrizações e Configurações;9;Parametrizações e Configurações;04:17:57;37;257;Como cadastrar Endereço;1;845296656;https://vimeo.com/845296656;https://player.vimeo.com/video/845296656;;;1437;https://ead.sankhya.com.br/html/conteudo.php?act=cnt&niv=1&cat=9&cid=9&aid=257
9;Configurações técnicas;Parametrizações e Configurações;9;Parametrizações e Configurações;04:17:57;38;258;Como cadastrar Bairros;1;845407420;https://vimeo.com/845407420;https://player.vimeo.com/video/845407420;;;1239;https://ead.sankhya.com.br/html/conteudo.php?act=cnt&niv=1&cat=9&cid=9&aid=258
9;Configurações técnicas;Parametrizações e Configurações;9;Parametrizações e Configurações;04:17:57;39;128;Como cadastrar CFOP;1;849463382;https://vimeo.com/849463382;https://player.vimeo.com/video/849463382;;;1050;https://ead.sankhya.com.br/html/conteudo.php?act=cnt&niv=1&cat=9&cid=9&aid=128
9;Configurações técnicas;Parametrizações e Configurações;9;Parametrizações e Configurações;04:17:57;40;130;Como cadastrar NCM;1;845285184;https://vimeo.com/845285184;https://player.vimeo.com/video/845285184;;;1053;https://ead.sankhya.com.br/html/conteudo.php?act=cnt&niv=1&cat=9&cid=9&aid=130
9;Configurações técnicas;Parametrizações e Configurações;9;Parametrizações e Configurações;04:17:57;41;138;Como realizar o cadastro de natureza;1;845359987;https://vimeo.com/845359987;https://player.vimeo.com/video/845359987;;;1515;https://ead.sankhya.com.br/html/conteudo.php?act=cnt&niv=1&cat=9&cid=9&aid=138
9;Configurações técnicas;Parametrizações e Configurações;9;Parametrizações e Configurações;04:17:57;42;150;Como cadastrar Perfil;1;845360035;https://vimeo.com/845360035;https://player.vimeo.com/video/845360035;;;1237;https://ead.sankhya.com.br/html/conteudo.php?act=cnt&niv=1&cat=9&cid=9&aid=150
9;Configurações técnicas;Parametrizações e Configurações;9;Parametrizações e Configurações;04:17:57;43;153;Como cadastrar Feriados;1;845084970;https://vimeo.com/845084970;https://player.vimeo.com/video/845084970;;;1358;https://ead.sankhya.com.br/html/conteudo.php?act=cnt&niv=1&cat=9&cid=9&aid=153
9;Configurações técnicas;Parametrizações e Configurações;9;Parametrizações e Configurações;04:17:57;45;5937;Como inserir logomarca no DANFE;1;810627829;https://vimeo.com/810627829;https://player.vimeo.com/video/810627829;;;1707;https://ead.sankhya.com.br/html/conteudo.php?act=cnt&niv=1&cat=9&cid=9&aid=5937
10;Navegando com Maestria;Navegando com Maestria;11;Primeiros passos no sistema Sankhya;01:00:40;1;7941;Visão geral da integração dos processos;1;1135431382;https://vimeo.com/1135431382;https://player.vimeo.com/video/1135431382;10;;3364;https://ead.sankhya.com.br/html/conteudo.php?act=cnt&niv=1&cat=10&cid=11&aid=7941
10;Navegando com Maestria;Navegando com Maestria;11;Primeiros passos no sistema Sankhya;01:00:40;2;234;Conhecendo o Sankhya Om;1;1081830888;https://vimeo.com/1081830888;https://player.vimeo.com/video/1081830888;;;1079;https://ead.sankhya.com.br/html/conteudo.php?act=cnt&niv=1&cat=10&cid=11&aid=234
10;Navegando com Maestria;Navegando com Maestria;11;Primeiros passos no sistema Sankhya;01:00:40;3;235;Interface Inicial;1;1086752171;https://vimeo.com/1086752171;https://player.vimeo.com/video/1086752171;;;1319;https://ead.sankhya.com.br/html/conteudo.php?act=cnt&niv=1&cat=10&cid=11&aid=235
10;Navegando com Maestria;Navegando com Maestria;11;Primeiros passos no sistema Sankhya;01:00:40;4;236;Personalizando o sistema;1;1086752118;https://vimeo.com/1086752118;https://player.vimeo.com/video/1086752118;;;2324;https://ead.sankhya.com.br/html/conteudo.php?act=cnt&niv=1&cat=10&cid=11&aid=236
10;Navegando com Maestria;Navegando com Maestria;11;Primeiros passos no sistema Sankhya;01:00:40;5;237;Manipulação de cadastros;1;1086752184;https://vimeo.com/1086752184;https://player.vimeo.com/video/1086752184;;;3360;https://ead.sankhya.com.br/html/conteudo.php?act=cnt&niv=1&cat=10&cid=11&aid=237
10;Navegando com Maestria;Navegando com Maestria;11;Primeiros passos no sistema Sankhya;01:00:40;6;238;Configuração de filtros;1;1087184839;https://vimeo.com/1087184839;https://player.vimeo.com/video/1087184839;;;1933;https://ead.sankhya.com.br/html/conteudo.php?act=cnt&niv=1&cat=10&cid=11&aid=238
10;Navegando com Maestria;Navegando com Maestria;11;Primeiros passos no sistema Sankhya;01:00:40;7;239;Configurações para otimização dos Formulários de cadastros;1;1084652826;https://vimeo.com/1084652826;https://player.vimeo.com/video/1084652826;;;1537;https://ead.sankhya.com.br/html/conteudo.php?act=cnt&niv=1&cat=10&cid=11&aid=239
10;Navegando com Maestria;Navegando com Maestria;11;Primeiros passos no sistema Sankhya;01:00:40;8;240;Configurações para otimização da grade;1;1084652886;https://vimeo.com/1084652886;https://player.vimeo.com/video/1084652886;;;1830;https://ead.sankhya.com.br/html/conteudo.php?act=cnt&niv=1&cat=10&cid=11&aid=240
10;Navegando com Maestria;Navegando com Maestria;11;Primeiros passos no sistema Sankhya;01:00:40;9;241;Opções de pesquisa e navegação entre abas;1;1086752214;https://vimeo.com/1086752214;https://player.vimeo.com/video/1086752214;;;2689;https://ead.sankhya.com.br/html/conteudo.php?act=cnt&niv=1&cat=10&cid=11&aid=241
10;Navegando com Maestria;Navegando com Maestria;11;Primeiros passos no sistema Sankhya;01:00:40;10;242;Como configurar Menus do sistema;1;1084652799;https://vimeo.com/1084652799;https://player.vimeo.com/video/1084652799;;;1383;https://ead.sankhya.com.br/html/conteudo.php?act=cnt&niv=1&cat=10&cid=11&aid=242
411;Cultura Viva: O RH na Era Gen Z;Cultura Viva;4660;Cultura Viva: O RH na Era Gen Z;00:48:15;1;11111;Conflito Digital: A IA entre gerações;1;1181179344;https://vimeo.com/1181179344;https://player.vimeo.com/video/1181179344;;;3770;https://ead.sankhya.com.br/html/conteudo.php?act=cnt&niv=1&cat=411&cid=4660&aid=11111
411;Cultura Viva: O RH na Era Gen Z;Cultura Viva;4660;Cultura Viva: O RH na Era Gen Z;00:48:15;2;11112;Desafio geracional na comunicação;1;1181267289;https://vimeo.com/1181267289;https://player.vimeo.com/video/1181267289;;;3122;https://ead.sankhya.com.br/html/conteudo.php?act=cnt&niv=1&cat=411&cid=4660&aid=11112
411;Cultura Viva: O RH na Era Gen Z;Cultura Viva;4660;Cultura Viva: O RH na Era Gen Z;00:48:15;3;11113;União de talentos: O RH como conexão;1;1181275453;https://vimeo.com/1181275453;https://player.vimeo.com/video/1181275453;;;3425;https://ead.sankhya.com.br/html/conteudo.php?act=cnt&niv=1&cat=411&cid=4660&aid=11113
411;Cultura Viva: O RH na Era Gen Z;Cultura Viva;4660;Cultura Viva: O RH na Era Gen Z;00:48:15;4;11114;A cultura no dia a dia;1;1181283509;https://vimeo.com/1181283509;https://player.vimeo.com/video/1181283509;;;2837;https://ead.sankhya.com.br/html/conteudo.php?act=cnt&niv=1&cat=411&cid=4660&aid=11114
411;Cultura Viva: O RH na Era Gen Z;Cultura Viva;4660;Cultura Viva: O RH na Era Gen Z;00:48:15;5;11117;O RH como motor da cultura;1;1181282569;https://vimeo.com/1181282569;https://player.vimeo.com/video/1181282569;;;2347;https://ead.sankhya.com.br/html/conteudo.php?act=cnt&niv=1&cat=411&cid=4660&aid=11117
412;Ciclo de sucesso: recrutamento, onboarding e retenção;Recrutamento, onboarding e retenção;4661;Ciclo de sucesso;00:28:57;1;11115;Mapeando a jornada do novo talento;1;1194359971;https://vimeo.com/1194359971;https://player.vimeo.com/video/1194359971;;;3588;https://ead.sankhya.com.br/html/conteudo.php?act=cnt&niv=1&cat=412&cid=4661&aid=11115
412;Ciclo de sucesso: recrutamento, onboarding e retenção;Recrutamento, onboarding e retenção;4661;Ciclo de sucesso;00:28:57;2;11116;Recrutamento com propósito;1;1194361134;https://vimeo.com/1194361134;https://player.vimeo.com/video/1194361134;;;2371;https://ead.sankhya.com.br/html/conteudo.php?act=cnt&niv=1&cat=412&cid=4661&aid=11116
412;Ciclo de sucesso: recrutamento, onboarding e retenção;Recrutamento, onboarding e retenção;4661;Ciclo de sucesso;00:28:57;3;11118;Onboarding e desenvolvimento: o ciclo completo;1;1194363956;https://vimeo.com/1194363956;https://player.vimeo.com/video/1194363956;;;2470;https://ead.sankhya.com.br/html/conteudo.php?act=cnt&niv=1&cat=412&cid=4661&aid=11118
412;Ciclo de sucesso: recrutamento, onboarding e retenção;Recrutamento, onboarding e retenção;4661;Ciclo de sucesso;00:28:57;4;11127;Engajamento contínuo;1;1194366448;https://vimeo.com/1194366448;https://player.vimeo.com/video/1194366448;;;1081;https://ead.sankhya.com.br/html/conteudo.php?act=cnt&niv=1&cat=412&cid=4661&aid=11127
413;RH: Planejando o ano com indicadores de performance;Planejamento anual com indicadores de performance;4662;RH: Planejando o ano com indicadores de performance;00:54:04;1;11120;Conexão entre estratégia e execução;1;1181279952;https://vimeo.com/1181279952;https://player.vimeo.com/video/1181279952;;;3596;https://ead.sankhya.com.br/html/conteudo.php?act=cnt&niv=1&cat=413&cid=4662&aid=11120
413;RH: Planejando o ano com indicadores de performance;Planejamento anual com indicadores de performance;4662;RH: Planejando o ano com indicadores de performance;00:54:04;2;11121;Alinhamento estratégico;1;1181279057;https://vimeo.com/1181279057;https://player.vimeo.com/video/1181279057;;;2204;https://ead.sankhya.com.br/html/conteudo.php?act=cnt&niv=1&cat=413&cid=4662&aid=11121
413;RH: Planejando o ano com indicadores de performance;Planejamento anual com indicadores de performance;4662;RH: Planejando o ano com indicadores de performance;00:54:04;3;11122;Indicadores em cada contexto;1;1181284856;https://vimeo.com/1181284856;https://player.vimeo.com/video/1181284856;;;2363;https://ead.sankhya.com.br/html/conteudo.php?act=cnt&niv=1&cat=413&cid=4662&aid=11122
413;RH: Planejando o ano com indicadores de performance;Planejamento anual com indicadores de performance;4662;RH: Planejando o ano com indicadores de performance;00:54:04;4;11123;Conversas estratégicas;1;1181284292;https://vimeo.com/1181284292;https://player.vimeo.com/video/1181284292;;;4812;https://ead.sankhya.com.br/html/conteudo.php?act=cnt&niv=1&cat=413&cid=4662&aid=11123
413;RH: Planejando o ano com indicadores de performance;Planejamento anual com indicadores de performance;4662;RH: Planejando o ano com indicadores de performance;00:54:04;5;11124;ROI e Gestão de Talentos;1;1181287633;https://vimeo.com/1181287633;https://player.vimeo.com/video/1181287633;;;3226;https://ead.sankhya.com.br/html/conteudo.php?act=cnt&niv=1&cat=413&cid=4662&aid=11124
413;RH: Planejando o ano com indicadores de performance;Planejamento anual com indicadores de performance;4662;RH: Planejando o ano com indicadores de performance;00:54:04;6;11125;Construindo o plano anual do RH;1;1181287175;https://vimeo.com/1181287175;https://player.vimeo.com/video/1181287175;;;2633;https://ead.sankhya.com.br/html/conteudo.php?act=cnt&niv=1&cat=413&cid=4662&aid=11125
414;PLR e Bônus: Guia de implementação;PLR e Bônus;4663;Guia de implementação;00:46:08;1;11129;Bônus: o motor para o engajamento;1;1194389854;https://vimeo.com/1194389854;https://player.vimeo.com/video/1194389854;;;3492;https://ead.sankhya.com.br/html/conteudo.php?act=cnt&niv=1&cat=414&cid=4663&aid=11129
414;PLR e Bônus: Guia de implementação;PLR e Bônus;4663;Guia de implementação;00:46:08;2;11130;Checklist para a gestão de recompensas;1;1194391764;https://vimeo.com/1194391764;https://player.vimeo.com/video/1194391764;;;2360;https://ead.sankhya.com.br/html/conteudo.php?act=cnt&niv=1&cat=414&cid=4663&aid=11130
414;PLR e Bônus: Guia de implementação;PLR e Bônus;4663;Guia de implementação;00:46:08;3;11164;Modelos de remuneração variável;1;1194393165;https://vimeo.com/1194393165;https://player.vimeo.com/video/1194393165;;;2826;https://ead.sankhya.com.br/html/conteudo.php?act=cnt&niv=1&cat=414&cid=4663&aid=11164
414;PLR e Bônus: Guia de implementação;PLR e Bônus;4663;Guia de implementação;00:46:08;4;11165;Critérios confiáveis: a garantia de um bônus justo;1;1194398586;https://vimeo.com/1194398586;https://player.vimeo.com/video/1194398586;;;1721;https://ead.sankhya.com.br/html/conteudo.php?act=cnt&niv=1&cat=414&cid=4663&aid=11165
414;PLR e Bônus: Guia de implementação;PLR e Bônus;4663;Guia de implementação;00:46:08;5;11166;Transformando resultados em recompensa financeira;1;1194399553;https://vimeo.com/1194399553;https://player.vimeo.com/video/1194399553;;;3003;https://ead.sankhya.com.br/html/conteudo.php?act=cnt&niv=1&cat=414&cid=4663&aid=11166
414;PLR e Bônus: Guia de implementação;PLR e Bônus;4663;Guia de implementação;00:46:08;6;11167;Avaliação e ajuste: o sistema de recompensas;1;1194404960;https://vimeo.com/1194404960;https://player.vimeo.com/video/1194404960;;;2694;https://ead.sankhya.com.br/html/conteudo.php?act=cnt&niv=1&cat=414&cid=4663&aid=11167
414;PLR e Bônus: Guia de implementação;PLR e Bônus;4663;Guia de implementação;00:46:08;7;11168;A gestão de metas e resultados;1;1194437386;https://vimeo.com/1194437386;https://player.vimeo.com/video/1194437386;;;2227;https://ead.sankhya.com.br/html/conteudo.php?act=cnt&niv=1&cat=414&cid=4663&aid=11168
415;Liderança em foco: mapeando o futuro;Liderança em foco;4664;Liderança em foco: mapeando o futuro;00:49:46;1;11131;Gestão de desempenho;1;1182996501;https://vimeo.com/1182996501;https://player.vimeo.com/video/1182996501;;;2355;https://ead.sankhya.com.br/html/conteudo.php?act=cnt&niv=1&cat=415&cid=4664&aid=11131
415;Liderança em foco: mapeando o futuro;Liderança em foco;4664;Liderança em foco: mapeando o futuro;00:49:46;2;11132;Mapeamento de competências essenciais;1;1183118652;https://vimeo.com/1183118652;https://player.vimeo.com/video/1183118652;;;1680;https://ead.sankhya.com.br/html/conteudo.php?act=cnt&niv=1&cat=415&cid=4664&aid=11132
415;Liderança em foco: mapeando o futuro;Liderança em foco;4664;Liderança em foco: mapeando o futuro;00:49:46;3;11133;Tipos de liderança;1;1183022762;https://vimeo.com/1183022762;https://player.vimeo.com/video/1183022762;;;2637;https://ead.sankhya.com.br/html/conteudo.php?act=cnt&niv=1&cat=415&cid=4664&aid=11133
415;Liderança em foco: mapeando o futuro;Liderança em foco;4664;Liderança em foco: mapeando o futuro;00:49:46;4;11134;O momento certo para cada perfil;1;1183113772;https://vimeo.com/1183113772;https://player.vimeo.com/video/1183113772;;;1560;https://ead.sankhya.com.br/html/conteudo.php?act=cnt&niv=1&cat=415&cid=4664&aid=11134
415;Liderança em foco: mapeando o futuro;Liderança em foco;4664;Liderança em foco: mapeando o futuro;00:49:46;5;11135;Impactos no clima operacional;1;1183117133;https://vimeo.com/1183117133;https://player.vimeo.com/video/1183117133;;;1549;https://ead.sankhya.com.br/html/conteudo.php?act=cnt&niv=1&cat=415&cid=4664&aid=11135
415;Liderança em foco: mapeando o futuro;Liderança em foco;4664;Liderança em foco: mapeando o futuro;00:49:46;6;11136;Tipos de liderança e inteligência emocional;1;1183110852;https://vimeo.com/1183110852;https://player.vimeo.com/video/1183110852;;;1382;https://ead.sankhya.com.br/html/conteudo.php?act=cnt&niv=1&cat=415&cid=4664&aid=11136
415;Liderança em foco: mapeando o futuro;Liderança em foco;4664;Liderança em foco: mapeando o futuro;00:49:46;7;11137;Obstáculos em mapear a liderança;1;1183115080;https://vimeo.com/1183115080;https://player.vimeo.com/video/1183115080;;;2131;https://ead.sankhya.com.br/html/conteudo.php?act=cnt&niv=1&cat=415&cid=4664&aid=11137
416;Liderança de alta performance;Liderança de alta performance;4665;Liderança em uma visão estratégica;00:44:49;1;11139;Comunicação corporativa;1;1206776902;https://vimeo.com/1206776902;https://player.vimeo.com/video/1206776902;;;0;https://ead.sankhya.com.br/html/conteudo.php?act=cnt&niv=1&cat=416&cid=4665&aid=11139
416;Liderança de alta performance;Liderança de alta performance;4665;Liderança em uma visão estratégica;00:44:49;2;11140;Gestão de conflitos;1;1206789090;https://vimeo.com/1206789090;https://player.vimeo.com/video/1206789090;;;0;https://ead.sankhya.com.br/html/conteudo.php?act=cnt&niv=1&cat=416&cid=4665&aid=11140
416;Liderança de alta performance;Liderança de alta performance;4665;Liderança em uma visão estratégica;00:44:49;3;11141;Engajamento e motivação;1;1206791159;https://vimeo.com/1206791159;https://player.vimeo.com/video/1206791159;;;0;https://ead.sankhya.com.br/html/conteudo.php?act=cnt&niv=1&cat=416&cid=4665&aid=11141
416;Liderança de alta performance;Liderança de alta performance;4665;Liderança em uma visão estratégica;00:44:49;4;11142;Inteligência emocional;1;1206793544;https://vimeo.com/1206793544;https://player.vimeo.com/video/1206793544;;;0;https://ead.sankhya.com.br/html/conteudo.php?act=cnt&niv=1&cat=416&cid=4665&aid=11142
416;Liderança de alta performance;Liderança de alta performance;4665;Liderança em uma visão estratégica;00:44:49;5;11143;Pensamento crítico;1;1206796205;https://vimeo.com/1206796205;https://player.vimeo.com/video/1206796205;;;0;https://ead.sankhya.com.br/html/conteudo.php?act=cnt&niv=1&cat=416&cid=4665&aid=11143
416;Liderança de alta performance;Liderança de alta performance;4665;Liderança em uma visão estratégica;00:44:49;6;11144;Inovação e adaptabilidade;1;1206798293;https://vimeo.com/1206798293;https://player.vimeo.com/video/1206798293;;;0;https://ead.sankhya.com.br/html/conteudo.php?act=cnt&niv=1&cat=416&cid=4665&aid=11144
416;Liderança de alta performance;Liderança de alta performance;4665;Liderança em uma visão estratégica;00:44:49;7;11145;Colaboração em uma visão estratégica;1;1206841778;https://vimeo.com/1206841778;https://player.vimeo.com/video/1206841778;;;0;https://ead.sankhya.com.br/html/conteudo.php?act=cnt&niv=1&cat=416&cid=4665&aid=11145
416;Liderança de alta performance;Liderança de alta performance;4665;Liderança em uma visão estratégica;00:44:49;8;11146;Produtividade em uma visão estratégica;1;1206842997;https://vimeo.com/1206842997;https://player.vimeo.com/video/1206842997;;;0;https://ead.sankhya.com.br/html/conteudo.php?act=cnt&niv=1&cat=416&cid=4665&aid=11146
417;Cultura que contrata: Medindo o que realmente importa;Cultura que contrata;4666;Cultura que contrata: Medindo o que realmente importa;00:33:59;1;11147;Cultura Organizacional;1;1191629745;https://vimeo.com/1191629745;https://player.vimeo.com/video/1191629745;;;2606;https://ead.sankhya.com.br/html/conteudo.php?act=cnt&niv=1&cat=417&cid=4666&aid=11147
417;Cultura que contrata: Medindo o que realmente importa;Cultura que contrata;4666;Cultura que contrata: Medindo o que realmente importa;00:33:59;2;11148;Capital Humano;1;1191631473;https://vimeo.com/1191631473;https://player.vimeo.com/video/1191631473;;;2875;https://ead.sankhya.com.br/html/conteudo.php?act=cnt&niv=1&cat=417&cid=4666&aid=11148
417;Cultura que contrata: Medindo o que realmente importa;Cultura que contrata;4666;Cultura que contrata: Medindo o que realmente importa;00:33:59;3;11149;Modelos de diagnóstico de cultura;1;1191632155;https://vimeo.com/1191632155;https://player.vimeo.com/video/1191632155;;;2766;https://ead.sankhya.com.br/html/conteudo.php?act=cnt&niv=1&cat=417&cid=4666&aid=11149
417;Cultura que contrata: Medindo o que realmente importa;Cultura que contrata;4666;Cultura que contrata: Medindo o que realmente importa;00:33:59;4;11150;Modelos de avaliação cultural;1;1191633792;https://vimeo.com/1191633792;https://player.vimeo.com/video/1191633792;;;1411;https://ead.sankhya.com.br/html/conteudo.php?act=cnt&niv=1&cat=417&cid=4666&aid=11150
417;Cultura que contrata: Medindo o que realmente importa;Cultura que contrata;4666;Cultura que contrata: Medindo o que realmente importa;00:33:59;5;11151;Quando mensurar fit cultural;1;1191634815;https://vimeo.com/1191634815;https://player.vimeo.com/video/1191634815;;;1285;https://ead.sankhya.com.br/html/conteudo.php?act=cnt&niv=1&cat=417&cid=4666&aid=11151
418;Operação de alta performance;Operações e analistas;4667;Operação de alta performance;00:29:24;1;11153;Comunicação corporativa para operação e analistas;1;1206847359;https://vimeo.com/1206847359;https://player.vimeo.com/video/1206847359;;;0;https://ead.sankhya.com.br/html/conteudo.php?act=cnt&niv=1&cat=418&cid=4667&aid=11153
418;Operação de alta performance;Operações e analistas;4667;Operação de alta performance;00:29:24;2;11154;Gestão de Conflitos;1;1206852860;https://vimeo.com/1206852860;https://player.vimeo.com/video/1206852860;;;0;https://ead.sankhya.com.br/html/conteudo.php?act=cnt&niv=1&cat=418&cid=4667&aid=11154
418;Operação de alta performance;Operações e analistas;4667;Operação de alta performance;00:29:24;3;11155;Engajamento e motivação;1;1206853549;https://vimeo.com/1206853549;https://player.vimeo.com/video/1206853549;;;0;https://ead.sankhya.com.br/html/conteudo.php?act=cnt&niv=1&cat=418&cid=4667&aid=11155
418;Operação de alta performance;Operações e analistas;4667;Operação de alta performance;00:29:24;4;11156;Inteligência emocional;1;1206853770;https://vimeo.com/1206853770;https://player.vimeo.com/video/1206853770;;;0;https://ead.sankhya.com.br/html/conteudo.php?act=cnt&niv=1&cat=418&cid=4667&aid=11156
418;Operação de alta performance;Operações e analistas;4667;Operação de alta performance;00:29:24;5;11157;Pensamento Crítico: Não fazer no automático;1;1206854531;https://vimeo.com/1206854531;https://player.vimeo.com/video/1206854531;;;0;https://ead.sankhya.com.br/html/conteudo.php?act=cnt&niv=1&cat=418&cid=4667&aid=11157
418;Operação de alta performance;Operações e analistas;4667;Operação de alta performance;00:29:24;6;11158;Inovação no dia a dia e adaptabilidade;1;1206855593;https://vimeo.com/1206855593;https://player.vimeo.com/video/1206855593;;;0;https://ead.sankhya.com.br/html/conteudo.php?act=cnt&niv=1&cat=418&cid=4667&aid=11158
418;Operação de alta performance;Operações e analistas;4667;Operação de alta performance;00:29:24;7;11159;Colaboração;1;1206856020;https://vimeo.com/1206856020;https://player.vimeo.com/video/1206856020;;;0;https://ead.sankhya.com.br/html/conteudo.php?act=cnt&niv=1&cat=418&cid=4667&aid=11159
418;Operação de alta performance;Operações e analistas;4667;Operação de alta performance;00:29:24;8;11160;Produtividade: Fazer o que importa;1;1206856976;https://vimeo.com/1206856976;https://player.vimeo.com/video/1206856976;;;0;https://ead.sankhya.com.br/html/conteudo.php?act=cnt&niv=1&cat=418&cid=4667&aid=11160
421;Avaliação de desempenho: do planejamento à execução;Avaliação de desempenho;4676;Avaliação de desempenho: do planejamento à execução;00:34:16;1;11206;Objetivos e fundamentos da AVD;1;1194446755;https://vimeo.com/1194446755;https://player.vimeo.com/video/1194446755;;;2256;https://ead.sankhya.com.br/html/conteudo.php?act=cnt&niv=1&cat=421&cid=4676&aid=11206
421;Avaliação de desempenho: do planejamento à execução;Avaliação de desempenho;4676;Avaliação de desempenho: do planejamento à execução;00:34:16;2;11207;Modelos de avaliação de desempenho;1;1194443683;https://vimeo.com/1194443683;https://player.vimeo.com/video/1194443683;;;2075;https://ead.sankhya.com.br/html/conteudo.php?act=cnt&niv=1&cat=421&cid=4676&aid=11207
421;Avaliação de desempenho: do planejamento à execução;Avaliação de desempenho;4676;Avaliação de desempenho: do planejamento à execução;00:34:16;3;11208;Comportamentos que geram valor;1;1194445976;https://vimeo.com/1194445976;https://player.vimeo.com/video/1194445976;;;3111;https://ead.sankhya.com.br/html/conteudo.php?act=cnt&niv=1&cat=421&cid=4676&aid=11208
421;Avaliação de desempenho: do planejamento à execução;Avaliação de desempenho;4676;Avaliação de desempenho: do planejamento à execução;00:34:16;4;11209;Mensuração de desempenho;1;1194447520;https://vimeo.com/1194447520;https://player.vimeo.com/video/1194447520;;;1701;https://ead.sankhya.com.br/html/conteudo.php?act=cnt&niv=1&cat=421&cid=4676&aid=11209
421;Avaliação de desempenho: do planejamento à execução;Avaliação de desempenho;4676;Avaliação de desempenho: do planejamento à execução;00:34:16;5;11210;Principais vieses de avaliação;1;1194448186;https://vimeo.com/1194448186;https://player.vimeo.com/video/1194448186;;;3610;https://ead.sankhya.com.br/html/conteudo.php?act=cnt&niv=1&cat=421&cid=4676&aid=11210
421;Avaliação de desempenho: do planejamento à execução;Avaliação de desempenho;4676;Avaliação de desempenho: do planejamento à execução;00:34:16;6;11211;O que fazer após a avaliação;1;1194449053;https://vimeo.com/1194449053;https://player.vimeo.com/video/1194449053;;;1099;https://ead.sankhya.com.br/html/conteudo.php?act=cnt&niv=1&cat=421&cid=4676&aid=11211
422;O papel estratégico do RH no pós-Avaliação de Desempenho;O papel estratégico do RH;4677;Decifrando o Ciclo de Performance;00:51:06;1;11213;Decifrando o Ciclo de Performance;1;1191664910;https://vimeo.com/1191664910;https://player.vimeo.com/video/1191664910;;;2633;https://ead.sankhya.com.br/html/conteudo.php?act=cnt&niv=1&cat=422&cid=4677&aid=11213
422;O papel estratégico do RH no pós-Avaliação de Desempenho;O papel estratégico do RH;4677;Decifrando o Ciclo de Performance;00:51:06;2;11214;Feedback: Constância e estratégia;1;1191666200;https://vimeo.com/1191666200;https://player.vimeo.com/video/1191666200;;;2344;https://ead.sankhya.com.br/html/conteudo.php?act=cnt&niv=1&cat=422&cid=4677&aid=11214
422;O papel estratégico do RH no pós-Avaliação de Desempenho;O papel estratégico do RH;4677;Decifrando o Ciclo de Performance;00:51:06;3;11215;Pilares de um bom feedback;1;1191874366;https://vimeo.com/1191874366;https://player.vimeo.com/video/1191874366;;;4645;https://ead.sankhya.com.br/html/conteudo.php?act=cnt&niv=1&cat=422&cid=4677&aid=11215
422;O papel estratégico do RH no pós-Avaliação de Desempenho;O papel estratégico do RH;4677;Decifrando o Ciclo de Performance;00:51:06;4;11216;Feedback após a AVD;1;1191873395;https://vimeo.com/1191873395;https://player.vimeo.com/video/1191873395;;;1774;https://ead.sankhya.com.br/html/conteudo.php?act=cnt&niv=1&cat=422&cid=4677&aid=11216
422;O papel estratégico do RH no pós-Avaliação de Desempenho;O papel estratégico do RH;4677;Decifrando o Ciclo de Performance;00:51:06;5;11217;O PDI como motor;1;1191878258;https://vimeo.com/1191878258;https://player.vimeo.com/video/1191878258;;;1938;https://ead.sankhya.com.br/html/conteudo.php?act=cnt&niv=1&cat=422&cid=4677&aid=11217
422;O papel estratégico do RH no pós-Avaliação de Desempenho;O papel estratégico do RH;4677;Decifrando o Ciclo de Performance;00:51:06;6;11218;Como construir um PDI eficaz;1;1191879829;https://vimeo.com/1191879829;https://player.vimeo.com/video/1191879829;;;1391;https://ead.sankhya.com.br/html/conteudo.php?act=cnt&niv=1&cat=422&cid=4677&aid=11218
424;Analista de logística;Formação em gestão de estoques;4697;Analista de logística;00:42:28;1;11268;O que é gestão de estoque?;1;1180933608;https://vimeo.com/1180933608;https://player.vimeo.com/video/1180933608;;;1004;https://ead.sankhya.com.br/html/conteudo.php?act=cnt&niv=1&cat=424&cid=4697&aid=11268
424;Analista de logística;Formação em gestão de estoques;4697;Analista de logística;00:42:28;2;11269;Estoque, custo e cliente;1;1181177273;https://vimeo.com/1181177273;https://player.vimeo.com/video/1181177273;;;660;https://ead.sankhya.com.br/html/conteudo.php?act=cnt&niv=1&cat=424&cid=4697&aid=11269
424;Analista de logística;Formação em gestão de estoques;4697;Analista de logística;00:42:28;3;11270;Tipos de estoques;1;1180939429;https://vimeo.com/1180939429;https://player.vimeo.com/video/1180939429;;;728;https://ead.sankhya.com.br/html/conteudo.php?act=cnt&niv=1&cat=424&cid=4697&aid=11270
424;Analista de logística;Formação em gestão de estoques;4697;Analista de logística;00:42:28;4;11271;Indicadores de estoque;1;1180936663;https://vimeo.com/1180936663;https://player.vimeo.com/video/1180936663;;;827;https://ead.sankhya.com.br/html/conteudo.php?act=cnt&niv=1&cat=424&cid=4697&aid=11271
424;Analista de logística;Formação em gestão de estoques;4697;Analista de logística;00:42:28;5;11272;Nível de serviço;1;1180935730;https://vimeo.com/1180935730;https://player.vimeo.com/video/1180935730;;;604;https://ead.sankhya.com.br/html/conteudo.php?act=cnt&niv=1&cat=424&cid=4697&aid=11272
424;Analista de logística;Formação em gestão de estoques;4697;Analista de logística;00:42:28;6;11273;Estoque mínimo e máximo;1;1180937819;https://vimeo.com/1180937819;https://player.vimeo.com/video/1180937819;;;558;https://ead.sankhya.com.br/html/conteudo.php?act=cnt&niv=1&cat=424&cid=4697&aid=11273
424;Analista de logística;Formação em gestão de estoques;4697;Analista de logística;00:42:28;7;11274;Ponto de reposição;1;1180943136;https://vimeo.com/1180943136;https://player.vimeo.com/video/1180943136;;;572;https://ead.sankhya.com.br/html/conteudo.php?act=cnt&niv=1&cat=424&cid=4697&aid=11274
424;Analista de logística;Formação em gestão de estoques;4697;Analista de logística;00:42:28;8;11275;Classificação ABC;1;1181169938;https://vimeo.com/1181169938;https://player.vimeo.com/video/1181169938;;;1441;https://ead.sankhya.com.br/html/conteudo.php?act=cnt&niv=1&cat=424&cid=4697&aid=11275
424;Analista de logística;Formação em gestão de estoques;4697;Analista de logística;00:42:28;9;11276;FIFO, FEFO e LIFO;1;1181171595;https://vimeo.com/1181171595;https://player.vimeo.com/video/1181171595;;;698;https://ead.sankhya.com.br/html/conteudo.php?act=cnt&niv=1&cat=424&cid=4697&aid=11276
424;Analista de logística;Formação em gestão de estoques;4697;Analista de logística;00:42:28;10;11277;Encerramento;1;1181172654;https://vimeo.com/1181172654;https://player.vimeo.com/video/1181172654;;;1298;https://ead.sankhya.com.br/html/conteudo.php?act=cnt&niv=1&cat=424&cid=4697&aid=11277
424;Analista de logística;Fundamentos da logística;4698;Fundamentos básicos da logística;00:47:35;1;11278;Introdução;1;1183349977;https://vimeo.com/1183349977;https://player.vimeo.com/video/1183349977;;;562;https://ead.sankhya.com.br/html/conteudo.php?act=cnt&niv=1&cat=424&cid=4698&aid=11278
424;Analista de logística;Fundamentos da logística;4698;Fundamentos básicos da logística;00:47:35;2;11279;O que é logística?;1;1183348386;https://vimeo.com/1183348386;https://player.vimeo.com/video/1183348386;;;1036;https://ead.sankhya.com.br/html/conteudo.php?act=cnt&niv=1&cat=424&cid=4698&aid=11279
424;Analista de logística;Fundamentos da logística;4698;Fundamentos básicos da logística;00:47:35;3;11280;Planejamento logístico;1;1183107092;https://vimeo.com/1183107092;https://player.vimeo.com/video/1183107092;;;858;https://ead.sankhya.com.br/html/conteudo.php?act=cnt&niv=1&cat=424&cid=4698&aid=11280
424;Analista de logística;Fundamentos da logística;4698;Fundamentos básicos da logística;00:47:35;4;11281;Controle logístico;1;1183383486;https://vimeo.com/1183383486;https://player.vimeo.com/video/1183383486;;;1060;https://ead.sankhya.com.br/html/conteudo.php?act=cnt&niv=1&cat=424&cid=4698&aid=11281
424;Analista de logística;Fundamentos da logística;4698;Fundamentos básicos da logística;00:47:35;5;11282;Ferramentas e tecnologias;1;1183458308;https://vimeo.com/1183458308;https://player.vimeo.com/video/1183458308;;;1691;https://ead.sankhya.com.br/html/conteudo.php?act=cnt&niv=1&cat=424&cid=4698&aid=11282
424;Analista de logística;Fundamentos da logística;4698;Fundamentos básicos da logística;00:47:35;6;11283;Gestão de Estoque;1;1183350396;https://vimeo.com/1183350396;https://player.vimeo.com/video/1183350396;;;360;https://ead.sankhya.com.br/html/conteudo.php?act=cnt&niv=1&cat=424&cid=4698&aid=11283
424;Analista de logística;Fundamentos da logística;4698;Fundamentos básicos da logística;00:47:35;7;11284;Conceitos de estoque;1;1183101429;https://vimeo.com/1183101429;https://player.vimeo.com/video/1183101429;;;756;https://ead.sankhya.com.br/html/conteudo.php?act=cnt&niv=1&cat=424&cid=4698&aid=11284
424;Analista de logística;Fundamentos da logística;4698;Fundamentos básicos da logística;00:47:35;8;11285;Importância da gestão de estoque;1;1183351082;https://vimeo.com/1183351082;https://player.vimeo.com/video/1183351082;;;1477;https://ead.sankhya.com.br/html/conteudo.php?act=cnt&niv=1&cat=424&cid=4698&aid=11285
424;Analista de logística;Fundamentos da logística;4698;Fundamentos básicos da logística;00:47:35;9;11286;Curva ABC;1;1183352582;https://vimeo.com/1183352582;https://player.vimeo.com/video/1183352582;;;1217;https://ead.sankhya.com.br/html/conteudo.php?act=cnt&niv=1&cat=424&cid=4698&aid=11286
424;Analista de logística;Fundamentos da logística;4698;Fundamentos básicos da logística;00:47:35;10;11287;Armazenagem e manuseio;1;1183121781;https://vimeo.com/1183121781;https://player.vimeo.com/video/1183121781;;;1282;https://ead.sankhya.com.br/html/conteudo.php?act=cnt&niv=1&cat=424&cid=4698&aid=11287
424;Analista de logística;Fundamentos da logística;4698;Fundamentos básicos da logística;00:47:35;11;11288;Técnicas de armazenagem;1;1183354140;https://vimeo.com/1183354140;https://player.vimeo.com/video/1183354140;;;1600;https://ead.sankhya.com.br/html/conteudo.php?act=cnt&niv=1&cat=424&cid=4698&aid=11288
424;Analista de logística;Fundamentos da logística;4698;Fundamentos básicos da logística;00:47:35;12;11289;Processamento de pedidos;1;1183370972;https://vimeo.com/1183370972;https://player.vimeo.com/video/1183370972;;;2049;https://ead.sankhya.com.br/html/conteudo.php?act=cnt&niv=1&cat=424&cid=4698&aid=11289
424;Analista de logística;Fundamentos da logística;4698;Fundamentos básicos da logística;00:47:35;13;11290;Resumo e Lincros;1;1183393157;https://vimeo.com/1183393157;https://player.vimeo.com/video/1183393157;;;1784;https://ead.sankhya.com.br/html/conteudo.php?act=cnt&niv=1&cat=424&cid=4698&aid=11290
424;Analista de logística;Gestão de pessoas;4699;Desenvolvimento de equipes;00:31:57;1;11291;Introdução;1;1166415994;https://vimeo.com/1166415994;https://player.vimeo.com/video/1166415994;;;4002;https://ead.sankhya.com.br/html/conteudo.php?act=cnt&niv=1&cat=424&cid=4699&aid=11291
424;Analista de logística;Gestão de pessoas;4699;Desenvolvimento de equipes;00:31:57;2;11292;Desafios na gestão;1;1166416238;https://vimeo.com/1166416238;https://player.vimeo.com/video/1166416238;;;657;https://ead.sankhya.com.br/html/conteudo.php?act=cnt&niv=1&cat=424&cid=4699&aid=11292
424;Analista de logística;Gestão de pessoas;4699;Desenvolvimento de equipes;00:31:57;3;11293;Atração e retenção;1;1166416387;https://vimeo.com/1166416387;https://player.vimeo.com/video/1166416387;;;1373;https://ead.sankhya.com.br/html/conteudo.php?act=cnt&niv=1&cat=424&cid=4699&aid=11293
424;Analista de logística;Gestão de pessoas;4699;Desenvolvimento de equipes;00:31:57;4;11294;Desenvolvimento de competências;1;1166415605;https://vimeo.com/1166415605;https://player.vimeo.com/video/1166415605;;;1618;https://ead.sankhya.com.br/html/conteudo.php?act=cnt&niv=1&cat=424&cid=4699&aid=11294
424;Analista de logística;Gestão de pessoas;4699;Desenvolvimento de equipes;00:31:57;5;11295;Liderança em ambientes logísticos;1;1166415803;https://vimeo.com/1166415803;https://player.vimeo.com/video/1166415803;;;1956;https://ead.sankhya.com.br/html/conteudo.php?act=cnt&niv=1&cat=424&cid=4699&aid=11295
424;Analista de logística;Gestão de pessoas;4699;Desenvolvimento de equipes;00:31:57;6;11296;Gestão de performance;1;1166415419;https://vimeo.com/1166415419;https://player.vimeo.com/video/1166415419;;;1342;https://ead.sankhya.com.br/html/conteudo.php?act=cnt&niv=1&cat=424&cid=4699&aid=11296
424;Analista de logística;Gestão de pessoas;4699;Desenvolvimento de equipes;00:31:57;7;11297;Cultura organizacional;1;1166436394;https://vimeo.com/1166436394;https://player.vimeo.com/video/1166436394;;;3972;https://ead.sankhya.com.br/html/conteudo.php?act=cnt&niv=1&cat=424&cid=4699&aid=11297
424;Analista de logística;Gestão de pessoas;4699;Desenvolvimento de equipes;00:31:57;8;11298;Diversidade e inclusão;1;1166436929;https://vimeo.com/1166436929;https://player.vimeo.com/video/1166436929;;;1367;https://ead.sankhya.com.br/html/conteudo.php?act=cnt&niv=1&cat=424&cid=4699&aid=11298
424;Analista de logística;Gestão de pessoas;4699;Desenvolvimento de equipes;00:31:57;9;11299;Tendências futuras;1;1166436846;https://vimeo.com/1166436846;https://player.vimeo.com/video/1166436846;;;3906;https://ead.sankhya.com.br/html/conteudo.php?act=cnt&niv=1&cat=424&cid=4699&aid=11299
424;Analista de logística;Gestão de pessoas;4699;Desenvolvimento de equipes;00:31:57;10;11300;Encerramento;1;1166436498;https://vimeo.com/1166436498;https://player.vimeo.com/video/1166436498;;;1696;https://ead.sankhya.com.br/html/conteudo.php?act=cnt&niv=1&cat=424&cid=4699&aid=11300
